DeviceId,Device_Type,created_at,CountryCode,SwVersion,Day,AvgBatteryVoltage,AvgRSSI,HeartbeatCount
E7-00-4E-22,One,2023-04-20,BR,3.1.37,2025-10-18 00:00:00,3934.3333333333335,28.729166666666668,48
E7-00-4E-2E,One,2023-04-20,BR,3.2.0,2025-10-18 00:00:00,3997.6923076923076,34.44230769230769,104
E7-00-4E-2F,One,2023-04-20,BR,3.2.7,2025-10-18 00:00:00,4025.4867256637167,28.123893805309734,113
E7-00-4E-3A,One,2023-04-19,BR,3.2.0,2025-10-18 00:00:00,3863.9101123595506,32.87640449438202,89
E7-00-4E-47,One,2023-04-20,BR,3.1.37,2025-10-18 00:00:00,4026.122448979592,43.265306122448976,49
E7-00-4E-4F,One,2023-05-30,IL,3.2.7,2025-10-18 00:00:00,4063.0588235294117,35.05882352941177,51
E7-00-4E-50,One,2023-05-30,IL,3.1.37,2025-10-18 00:00:00,4023.5789473684213,41.666666666666664,57
E7-00-4E-51,One,2023-05-30,IL,3.1.37,2025-10-18 00:00:00,4052.705882352941,48.588235294117645,51
E7-00-4E-5A,One,2023-06-05,BR,3.1.37,2025-10-18 00:00:00,4004.235294117647,31.558823529411764,34
E7-00-4E-63,One,2023-06-05,BR,3.1.37,2025-10-18 00:00:00,4016.3333333333335,21.458333333333332,48
E7-00-4E-66,One,2023-04-20,BR,3.1.37,2025-10-18 00:00:00,3980.734693877551,30.79591836734694,49
E7-00-4E-6B,One,2023-06-08,US,3.2.7,2025-10-18 00:00:00,4078.0408163265306,47.69387755102041,98
E7-00-4E-6E,One,2023-04-20,BR,3.2.7,2025-10-18 00:00:00,4022.6796116504856,33.9126213592233,103
E7-00-4E-71,One,2023-04-20,BR,3.1.37,2025-10-18 00:00:00,4014.6938775510203,28.306122448979593,49
E7-00-4E-73,One,2023-04-20,BR,3.2.7,2025-10-18 00:00:00,4019.070707070707,23.636363636363637,99
E7-00-4E-75,One,2023-04-20,BR,3.1.37,2025-10-18 00:00:00,4010.4489795918366,40.57142857142857,49
E7-00-4E-81,One,2023-06-12,FR,3.1.37,2025-10-18 00:00:00,4007.4285714285716,29.839285714285715,56
E7-00-4E-86,One,2023-06-12,TR,3.1.37,2025-10-18 00:00:00,3979.7113402061855,33.58762886597938,97
E7-00-4E-94,One,2023-06-13,TR,3.1.37,2025-10-18 00:00:00,4025.237113402062,43.18556701030928,97
E7-00-4E-95,One,2023-06-13,ID,3.2.7,2025-10-18 00:00:00,4028.929292929293,38.505050505050505,99
E7-00-4E-A3,One,2023-06-15,IL,3.1.37,2025-10-18 00:00:00,2956.8,46.666666666666664,15
E7-00-4E-A5,One,2023-06-15,AZ,3.2.7,2025-10-18 00:00:00,4013.387755102041,22.632653061224488,49
E7-00-4E-A8,One,2023-06-15,TR,3.1.37,2025-10-18 00:00:00,4025.050505050505,39.676767676767675,99
E7-00-4E-AD,One,2023-06-15,TR,3.1.37,2025-10-18 00:00:00,3861.714285714286,29.56122448979592,98
E7-00-4E-B3,One,2023-06-15,TR,3.1.37,2025-10-18 00:00:00,4037.656565656566,28.383838383838384,99
E7-00-4E-B4,One,2023-06-18,MA,3.1.22,2025-10-18 00:00:00,4069.2244897959185,48,49
E7-00-4E-B9,One,2023-06-15,TR,3.1.37,2025-10-18 00:00:00,4020.2448979591836,36.86734693877551,98
E7-00-4E-BD,One,2023-06-18,TR,3.1.37,2025-10-18 00:00:00,4027.1020408163267,38.765306122448976,98
E7-00-4E-BE,One,2023-06-18,TR,3.1.37,2025-10-18 00:00:00,4032.816326530612,35.744897959183675,98
E7-00-4E-BF,One,2023-06-18,TR,3.1.37,2025-10-18 00:00:00,4041.795918367347,24.06122448979592,98
E7-00-4E-C2,One,2023-06-18,TR,3.1.37,2025-10-18 00:00:00,4032.1632653061224,39.38775510204081,98
E7-00-4E-C4,One,2023-06-18,AZ,3.2.7,2025-10-18 00:00:00,3999.6862745098038,49,51
E7-00-4E-C5,One,2023-06-18,AZ,3.2.7,2025-10-18 00:00:00,4020.2448979591836,40,49
E7-00-4E-C8,One,2023-06-19,AZ,3.2.7,2025-10-18 00:00:00,4032.627450980392,43.254901960784316,51
E7-00-4E-CF,One,2023-06-18,TR,3.1.37,2025-10-18 00:00:00,4004.5252525252527,33.42424242424242,99
E7-00-4E-D0,One,2023-06-18,TR,3.1.37,2025-10-18 00:00:00,4016.326530612245,48.48979591836735,98
E7-00-4E-D1,One,2023-06-18,TR,3.2.0,2025-10-18 00:00:00,4046.987341772152,34.49367088607595,79
E7-00-4E-D5,One,2023-06-19,PE,3.2.7,2025-10-18 00:00:00,4048.8571428571427,26.660714285714285,56
E7-00-4E-DA,One,2023-06-19,TR,3.1.37,2025-10-18 00:00:00,3968.973913043478,46.93043478260869,115
E7-00-4E-DB,One,2023-06-19,TR,3.1.37,2025-10-18 00:00:00,3968.9795918367345,49,98
E7-00-4E-DD,One,2023-06-19,TR,3.1.37,2025-10-18 00:00:00,4039.5151515151515,33.18181818181818,66
E7-00-4E-DF,One,2023-06-19,AZ,3.2.7,2025-10-18 00:00:00,4045.44,44.86,50
E7-00-4E-E3,One,2023-06-19,GR,3.2.7,2025-10-18 00:00:00,4007.5102040816328,33.95918367346939,49
E7-00-4E-E7,One,2023-06-20,BR,3.1.37,2025-10-18 00:00:00,4028.8,35.81428571428572,70
E7-00-4E-EA,One,2023-06-20,IL,3.2.7,2025-10-18 00:00:00,4000.9795918367345,41.12244897959184,49
E7-00-4E-ED,One,2023-06-20,BR,3.1.37,2025-10-18 00:00:00,4027.3939393939395,38.13636363636363,66
E7-00-4E-F3,One,2023-06-20,BR,3.1.37,2025-10-18 00:00:00,4021.8317757009345,48.401869158878505,107
E7-00-4E-F7,One,2023-06-20,BR,3.1.37,2025-10-18 00:00:00,4023.703703703704,29.85185185185185,54
E7-00-4E-F8,One,2023-06-20,BR,3.2.7,2025-10-18 00:00:00,4009.6,31.881818181818183,110
E7-00-4E-F9,One,2023-06-20,BR,3.1.37,2025-10-18 00:00:00,4006.4561403508774,46.24561403508772,57
E7-00-4E-FB,One,2023-06-20,BR,3.2.7,2025-10-18 00:00:00,4054.153846153846,32.01923076923077,52
E7-00-4E-FC,One,2023-06-20,TR,3.1.37,2025-10-18 00:00:00,4012.7676767676767,29.08080808080808,99
E7-00-4E-FE,One,2023-06-21,BR,3.1.37,2025-10-18 00:00:00,3985.5533980582522,25.563106796116504,103
E7-00-4F-02,One,2023-06-21,TR,3.1.37,2025-10-18 00:00:00,4033.939393939394,37.55555555555556,99
E7-00-4F-04,One,2023-06-21,BR,3.1.37,2025-10-18 00:00:00,3990.344827586207,30.42241379310345,116
E7-00-4F-08,One,2023-06-21,BR,3.1.37,2025-10-18 00:00:00,3959.5102040816328,34.16326530612245,49
E7-00-4F-09,One,2023-06-21,BR,3.1.37,2025-10-18 00:00:00,4043.2,38.483333333333334,60
E7-00-4F-0E,One,2023-06-21,IL,3.2.7,2025-10-18 00:00:00,4010.122448979592,48.714285714285715,49
E7-00-4F-0F,One,2023-06-21,BR,3.1.37,2025-10-18 00:00:00,4023.688311688312,32.87012987012987,77
E7-00-4F-10,One,2023-06-21,BR,3.1.37,2025-10-18 00:00:00,3368.5,26.020833333333332,96
E7-00-4F-11,One,2023-06-21,BR,3.1.37,2025-10-18 00:00:00,4038,37.19642857142857,56
E7-00-4F-12,One,2023-06-21,TR,3.1.37,2025-10-18 00:00:00,4001.469387755102,37.244897959183675,98
E7-00-4F-16,One,2023-06-22,BR,3.1.37,2025-10-18 00:00:00,4038.901960784314,33.509803921568626,51
E7-00-4F-19,One,2023-06-22,BR,3.1.37,2025-10-18 00:00:00,4028.9523809523807,27.253968253968253,63
E7-00-4F-1A,One,2023-06-28,TR,3.2.7,2025-10-18 00:00:00,4019.070707070707,38.77777777777778,99
E7-00-4F-1B,One,2023-06-22,BR,3.1.37,2025-10-18 00:00:00,4019.4285714285716,36.625,56
E7-00-4F-1C,One,2023-06-22,TR,3.1.37,2025-10-18 00:00:00,3985.28,31.31,100
E7-00-4F-21,One,2023-06-22,BR,3.2.7,2025-10-18 00:00:00,4024,32.796875,64
E7-00-4F-22,One,2023-06-22,BR,3.2.7,2025-10-18 00:00:00,4033.964912280702,27.45614035087719,57
E7-00-4F-25,One,2023-06-22,TR,3.1.37,2025-10-18 00:00:00,4031.0204081632655,46.204081632653065,98
E7-00-4F-26,One,2023-06-22,BR,3.1.37,2025-10-18 00:00:00,4025.9622641509436,34.943396226415096,53
E7-00-4F-28,One,2023-06-22,TR,3.1.37,2025-10-18 00:00:00,4031.3469387755104,37.42857142857143,98
E7-00-4F-30,One,2023-06-26,TR,3.1.37,2025-10-18 00:00:00,4005.818181818182,31.09090909090909,99
E7-00-4F-34,One,2023-06-26,IT,3.1.24,2025-10-18 00:00:00,4055.6666666666665,33.833333333333336,48
E7-00-4F-37,One,2023-06-26,BR,3.2.7,2025-10-18 00:00:00,4004.8,21.98,50
E7-00-4F-3A,One,2023-06-26,BR,3.1.37,2025-10-18 00:00:00,4042.4918032786886,37.63934426229508,61
E7-00-4F-3B,One,2023-06-26,BR,3.2.7,2025-10-18 00:00:00,4041.92,48.92,50
E7-00-4F-3F,One,2023-06-26,BR,3.1.37,2025-10-18 00:00:00,4042.264150943396,30.60377358490566,53
E7-00-4F-40,One,2023-06-26,BR,3.1.37,2025-10-18 00:00:00,3965.714285714286,41.142857142857146,7
E7-00-4F-42,One,2023-06-28,BR,3.2.7,2025-10-18 00:00:00,4028.701030927835,28.22680412371134,97
E7-00-4F-45,One,2023-06-27,TR,3.1.37,2025-10-18 00:00:00,4016.9795918367345,34.357142857142854,98
E7-00-4F-47,One,2023-06-27,TR,3.1.37,2025-10-18 00:00:00,3982.222222222222,40.56565656565657,99
E7-00-4F-4C,One,2023-06-28,BR,3.1.37,2025-10-18 00:00:00,3952,23.666666666666668,3
E7-00-4F-50,One,2023-06-28,BR,3.1.37,2025-10-18 00:00:00,3980.9811320754716,27.62264150943396,53
E7-00-4F-6F,One,2023-11-12,IL,3.1.37,2025-10-18 00:00:00,4022.915254237288,22.661016949152543,118
E7-00-4F-71,One,2023-11-12,IL,3.1.37,2025-10-18 00:00:00,4021.935483870968,20.322580645161292,62
E7-00-4F-77,One,2023-11-12,IL,3.2.7,2025-10-18 00:00:00,4061.44,39.56,50
E7-00-4F-78,One,2023-11-12,IL,3.1.37,2025-10-18 00:00:00,4032.1391304347826,27.36521739130435,115
E7-00-4F-79,One,2023-11-12,IL,3.1.37,2025-10-18 00:00:00,4043.0163934426228,22.360655737704917,61
E7-00-4F-7A,One,2023-11-12,IL,3.1.37,2025-10-18 00:00:00,4036.25,41.765625,64
E7-00-4F-7D,One,2023-11-13,IL,3.1.37,2025-10-18 00:00:00,4027.076923076923,31.876923076923077,65
E7-00-4F-8F,One,2023-11-15,IL,3.1.37,2025-10-18 00:00:00,4030.9333333333334,28.55,60
E7-00-4F-92,One,2023-11-15,IL,3.1.37,2025-10-18 00:00:00,2974.9333333333334,42.46666666666667,15
E7-00-4F-A0,One,2023-11-15,IL,3.2.0,2025-10-18 00:00:00,4043.1020408163267,39.204081632653065,49
E7-00-4F-AF,One,2023-12-05,BG,3.1.12,2025-10-18 00:00:00,4073.6666666666665,30.583333333333332,48
E7-00-4F-B0,One,2023-12-05,RO,3.2.7,2025-10-18 00:00:00,4020.8979591836733,31.346938775510203,49
E7-00-4F-B7,One,2023-12-05,BG,3.1.12,2025-10-18 00:00:00,4045,29.166666666666668,48
E7-00-4F-BA,One,2023-12-05,BG,3.1.12,2025-10-18 00:00:00,4072.6666666666665,36.5625,48
E7-00-4F-BD,One,2023-12-05,IL,3.1.37,2025-10-18 00:00:00,3623.3469387755104,47,98
E7-00-4F-BF,One,2023-12-06,RO,3.2.7,2025-10-18 00:00:00,4010.7755102040815,41.57142857142857,49
E7-00-4F-C4,One,2023-12-06,RO,3.1.24,2025-10-18 00:00:00,4066.6666666666665,45.770833333333336,48
E7-00-4F-C8,One,2023-12-06,EC,3.1.11,2025-10-18 00:00:00,4032.8888888888887,32,54
E7-00-4F-CC,One,2023-12-06,BG,3.1.12,2025-10-18 00:00:00,4059.3333333333335,31.854166666666668,48
E7-00-4F-D2,One,2023-12-06,EC,3.1.25,2025-10-18 00:00:00,4065.0666666666666,22.955555555555556,45
E7-00-4F-D7,One,2023-12-06,RO,3.1.22,2025-10-18 00:00:00,4031.3333333333335,39.6875,48
E7-00-4F-D9,One,2023-12-06,JP,3.2.7,2025-10-18 00:00:00,3700.6666666666665,37,48
E7-00-4F-DB,One,2023-12-06,RO,3.2.7,2025-10-18 00:00:00,4036.3333333333335,36.916666666666664,48
E7-00-4F-DC,One,2023-12-06,EC,3.1.25,2025-10-18 00:00:00,3802.644351464435,122.8786610878661,239
E7-00-4F-F7,One,2023-12-17,HR,3.2.0,2025-10-18 00:00:00,3385.237113402062,35.391752577319586,97
E7-00-4F-FA,One,2023-12-17,MX,3.2.7,2025-10-18 00:00:00,3991.04,24.14,50
E7-00-4F-FC,One,2023-12-17,JP,3.2.7,2025-10-18 00:00:00,4040.4897959183672,47.714285714285715,49
E7-00-50-16,One,2023-12-19,IL,3.1.37,2025-10-18 00:00:00,4033.6716417910447,32.343283582089555,67
E7-00-50-4B,One,2023-12-24,IL,3.1.37,2025-10-18 00:00:00,4053.9607843137255,39.1764705882353,51
E7-00-50-4F,One,2023-12-24,IL,3.1.37,2025-10-18 00:00:00,4045.377049180328,33.91803278688525,61
E7-00-50-50,One,2023-12-24,MX,3.1.24,2025-10-18 00:00:00,4044.5405405405404,18.72972972972973,37
E7-00-50-54,One,2023-12-24,IL,3.1.37,2025-10-18 00:00:00,4042.3859649122805,34.14035087719298,57
E7-00-50-58,One,2023-12-24,MX,3.2.7,2025-10-18 00:00:00,4019.478260869565,50.43478260869565,23
E7-00-50-59,One,2023-12-24,IL,3.1.37,2025-10-18 00:00:00,4044.266666666667,33.86666666666667,60
E7-00-50-5B,One,2023-12-24,IL,3.2.7,2025-10-18 00:00:00,4066.769230769231,32.09615384615385,52
E7-00-50-5E,One,2023-12-24,HR,3.2.0,2025-10-18 00:00:00,4043.4285714285716,49,49
E7-00-50-60,One,2023-12-24,HR,3.2.0,2025-10-18 00:00:00,4036.5714285714284,36.10204081632653,49
E7-00-50-62,One,2023-12-24,MX,3.1.37,2025-10-18 00:00:00,3964.3076923076924,63.26923076923077,26
E7-00-50-6B,One,2023-12-24,MX,3.1.24,2025-10-18 00:00:00,4018.3703703703704,93.92592592592592,27
E7-00-50-6C,One,2023-12-24,MX,3.1.22,2025-10-18 00:00:00,3881.3333333333335,31.5625,48
E7-00-50-7A,One,2023-12-25,IL,3.1.37,2025-10-18 00:00:00,4040.8615384615387,33.53846153846154,65
E7-00-50-7F,One,2023-12-25,IL,3.1.37,2025-10-18 00:00:00,2784,49,3
E7-00-50-81,One,2023-12-25,IL,3.1.37,2025-10-18 00:00:00,4047,35.84375,64
E7-00-50-8A,One,2023-12-25,IL,3.1.37,2025-10-18 00:00:00,4050.6046511627906,38.7906976744186,43
E7-00-50-93,One,2023-12-26,IL,3.1.37,2025-10-18 00:00:00,4044.89552238806,33.11940298507463,67
E7-00-50-9F,One,2023-12-27,IL,3.1.37,2025-10-18 00:00:00,3912.369230769231,34.815384615384616,65
E7-00-50-A1,One,2023-12-27,IL,3.1.37,2025-10-18 00:00:00,4049.4117647058824,37.5735294117647,68
E7-00-50-A2,One,2024-01-14,IL,3.1.37,2025-10-18 00:00:00,3025.230769230769,46.23076923076923,13
E7-00-50-A3,One,2024-01-14,IL,3.1.37,2025-10-18 00:00:00,4020.5714285714284,39.57142857142857,77
E7-00-50-A5,One,2024-01-14,BR,3.1.37,2025-10-18 00:00:00,3958.4,23.4,5
E7-00-50-AF,One,2024-01-17,IL,3.1.37,2025-10-18 00:00:00,4040.7017543859647,36.40350877192982,57
E7-00-50-B1,One,2024-01-17,IL,3.1.37,2025-10-18 00:00:00,4007.030303030303,34,66
E7-00-50-B3,One,2024-01-17,HR,3.2.0,2025-10-18 00:00:00,3584,25.46938775510204,49
E7-00-50-B7,One,2024-01-17,IL,3.1.37,2025-10-18 00:00:00,4037.84126984127,41.3968253968254,63
E7-00-51-33,One,2024-03-20,HR,3.2.0,2025-10-18 00:00:00,4024.1632653061224,48.69387755102041,49
E7-00-51-3F,One,2024-03-20,HR,3.2.0,2025-10-18 00:00:00,4053,48.583333333333336,48
E7-00-51-52,One,2024-03-26,HR,3.2.0,2025-10-18 00:00:00,3704.32,36.64,50
E7-00-51-53,One,2024-03-26,HR,3.2.0,2025-10-18 00:00:00,4024.1632653061224,46.63265306122449,49
E7-00-51-55,One,2024-03-26,HR,3.2.0,2025-10-18 00:00:00,3552,23.918367346938776,49
E7-00-51-57,One,2024-03-26,EC,3.1.25,2025-10-18 00:00:00,4034.782608695652,22.391304347826086,46
E7-00-51-62,One,2024-03-31,IL,3.1.37,2025-10-18 00:00:00,3639.3846153846152,19.523076923076925,65
E7-00-51-65,One,2024-03-31,IL,3.1.37,2025-10-18 00:00:00,4000.5245901639346,35.36065573770492,61
E7-00-51-69,One,2024-03-31,IL,3.1.37,2025-10-18 00:00:00,4044.190476190476,46.87301587301587,63
E7-00-51-6E,One,2024-04-03,TR,3.1.37,2025-10-18 00:00:00,4007.827338129496,43.568345323741006,139
E7-00-51-72,One,2024-04-03,TR,3.2.0,2025-10-18 00:00:00,4066.938775510204,25.693877551020407,49
E7-00-51-76,One,2024-04-03,IL,3.1.37,2025-10-18 00:00:00,3954.051282051282,32.93589743589744,78
E7-00-51-7E,One,2024-04-05,TR,3.2.0,2025-10-18 00:00:00,4019.591836734694,38.88775510204081,98
E7-00-51-94,One,2024-04-10,IL,3.1.37,2025-10-18 00:00:00,4038.2608695652175,36.710144927536234,69
E7-00-51-98,One,2024-04-10,UZ,3.1.37,2025-10-18 00:00:00,3981.76,20.9,50
E7-00-51-9A,One,2024-04-11,TR,3.2.0,2025-10-18 00:00:00,4026.5,46.520833333333336,96
E7-00-51-9C,One,2024-04-11,TR,3.1.37,2025-10-18 00:00:00,4010.181818181818,47.09090909090909,154
E7-00-51-9D,One,2024-04-11,GR,3.1.37,2025-10-18 00:00:00,3998.4313725490197,36.31372549019608,51
E7-00-51-9F,One,2024-04-11,IL,3.1.37,2025-10-18 00:00:00,4039.890410958904,25.410958904109588,73
E7-00-51-A0,One,2024-04-11,TR,3.1.37,2025-10-18 00:00:00,4013.3333333333335,47.520833333333336,96
E7-00-51-A1,One,2024-04-11,TR,3.2.0,2025-10-18 00:00:00,4033.4845360824743,25.432989690721648,97
E7-00-51-A2,One,2024-04-11,TR,3.2.0,2025-10-18 00:00:00,4029.360824742268,40.08247422680412,97
E7-00-51-A7,One,2024-04-14,TR,3.2.0,2025-10-18 00:00:00,4055.257731958763,42.49484536082474,97
E7-00-51-A8,One,2024-04-14,TR,3.2.0,2025-10-18 00:00:00,4051.52,33.16,50
E7-00-51-AB,One,2024-04-14,IL,3.1.37,2025-10-18 00:00:00,4021.5384615384614,28.858974358974358,78
E7-00-51-AC,One,2024-04-14,GR,3.1.37,2025-10-18 00:00:00,4039.5102040816328,24.918367346938776,49
E7-00-51-AE,One,2024-04-14,GR,3.1.37,2025-10-18 00:00:00,3943.1946308724832,35.79865771812081,149
E7-00-51-B1,One,2024-04-15,TR,3.2.0,2025-10-18 00:00:00,4012.701030927835,35.27835051546392,97
E7-00-51-B2,One,2024-04-15,TR,3.2.0,2025-10-18 00:00:00,4003.8651685393256,43.42696629213483,178
E7-00-51-B3,One,2024-04-15,TR,3.2.0,2025-10-18 00:00:00,4023.0204081632655,47.97959183673469,98
E7-00-51-B6,One,2024-04-15,TR,3.2.0,2025-10-18 00:00:00,3996.701030927835,20.824742268041238,97
E7-00-51-B8,One,2024-04-15,TR,3.2.0,2025-10-18 00:00:00,4055.5876288659792,45.876288659793815,97
E7-00-51-B9,One,2024-04-15,TR,3.2.7,2025-10-18 00:00:00,4023.422680412371,34.93814432989691,97
E7-00-51-BB,One,2024-04-15,TR,3.2.0,2025-10-18 00:00:00,4054.8571428571427,36.204081632653065,49
E7-00-51-BC,One,2024-04-15,TR,3.1.37,2025-10-18 00:00:00,4027.1666666666665,43.333333333333336,96
E7-00-51-BF,One,2024-04-16,GR,3.1.37,2025-10-18 00:00:00,4000.64,33.06,50
E7-00-51-C8,One,2024-04-17,TR,3.2.0,2025-10-18 00:00:00,4010.901098901099,35.42857142857143,91
E7-00-51-C9,One,2024-04-17,TR,3.2.0,2025-10-18 00:00:00,4046.8453608247423,33.18556701030928,97
E7-00-51-CA,One,2024-04-17,TR,3.2.0,2025-10-18 00:00:00,4022.4329896907216,42.649484536082475,97
E7-00-51-CD,One,2024-04-17,TR,3.2.0,2025-10-18 00:00:00,3960,21.6875,48
E7-00-51-CE,One,2024-04-17,TR,3.2.7,2025-10-18 00:00:00,3998.3505154639174,22.15463917525773,97
E7-00-51-CF,One,2024-04-17,TR,3.1.37,2025-10-18 00:00:00,4018.8368794326243,40.9290780141844,141
E7-00-51-D0,One,2024-04-17,TR,3.2.0,2025-10-18 00:00:00,4050.639175257732,36.76288659793814,97
E7-00-51-D1,One,2024-04-17,TR,3.1.37,2025-10-18 00:00:00,4016.935064935065,34.77272727272727,154
E7-00-51-D4,One,2024-04-19,IL,3.1.37,2025-10-18 00:00:00,4032.390243902439,37.30487804878049,82
E7-00-51-D5,One,2024-04-19,GR,3.1.37,2025-10-18 00:00:00,3966.6938775510203,23.551020408163264,49
E7-00-51-D9,One,2024-04-19,MX,3.2.7,2025-10-18 00:00:00,4027.294117647059,53.529411764705884,51
E7-00-51-DA,One,2024-04-19,TR,3.2.0,2025-10-18 00:00:00,4055.183673469388,31.244897959183675,49
E7-00-51-DC,One,2024-04-19,TR,3.2.7,2025-10-18 00:00:00,4025.40206185567,27.422680412371133,97
E7-00-51-DD,One,2024-04-19,TR,3.2.0,2025-10-18 00:00:00,4020.8979591836733,22.612244897959183,49
E7-00-51-DF,One,2024-04-19,TR,3.2.0,2025-10-18 00:00:00,4046.6666666666665,31.555555555555557,144
E7-00-51-E0,One,2024-04-19,TR,3.1.37,2025-10-18 00:00:00,3994.3917525773195,30.484536082474225,97
E7-00-51-E1,One,2024-04-19,TR,3.2.0,2025-10-18 00:00:00,4042.3333333333335,32.1875,48
E7-00-51-E2,One,2024-04-19,TR,3.2.0,2025-10-18 00:00:00,4055.257731958763,38.71134020618557,97
E7-00-51-EC,One,2024-05-02,MX,3.2.7,2025-10-18 00:00:00,4053.6,25.05,20
E7-00-51-F0,One,2024-05-03,MX,3.1.37,2025-10-18 00:00:00,3928.470588235294,22.029411764705884,34
E7-00-51-F2,One,2024-05-03,MX,3.2.7,2025-10-18 00:00:00,3989.0149253731342,33.417910447761194,67
E7-00-51-F3,One,2024-05-03,MX,3.2.7,2025-10-18 00:00:00,4029.714285714286,19.551020408163264,49
E7-00-51-F5,One,2024-05-03,MX,3.2.7,2025-10-18 00:00:00,4048.813559322034,39.389830508474574,59
E7-00-51-FA,One,2024-05-05,GR,3.1.37,2025-10-18 00:00:00,4015.6862745098038,36.03921568627451,51
E7-00-51-FD,One,2024-05-05,MX,3.2.7,2025-10-18 00:00:00,3336.1454545454544,19.636363636363637,55
E7-00-52-59,One,2024-06-04,MX,3.2.7,2025-10-18 00:00:00,4044.8,47.6,50
E7-00-52-5A,One,2024-06-04,MX,3.2.7,2025-10-18 00:00:00,4049.8823529411766,19.058823529411764,17
E7-00-52-5C,One,2024-06-04,MX,3.2.7,2025-10-18 00:00:00,3576,19.125,32
E7-00-52-5D,One,2024-06-04,MX,3.2.7,2025-10-18 00:00:00,4036.8,19.25,20
E7-00-52-64,One,2024-06-05,CR,3.2.7,2025-10-18 00:00:00,4058.24,23.78,50
E7-00-52-67,One,2024-06-05,CL,3.2.7,2025-10-18 00:00:00,4040,21.34,50
E7-00-52-68,One,2024-06-05,NI,3.2.7,2025-10-18 00:00:00,4042.122448979592,28.959183673469386,49
E7-00-52-69,One,2024-06-05,MX,3.2.7,2025-10-18 00:00:00,4028.549019607843,21.45098039215686,51
E7-00-52-6A,One,2024-06-05,MX,3.2.7,2025-10-18 00:00:00,4038.5641025641025,24.153846153846153,39
E7-00-52-6B,One,2024-06-05,MX,3.1.37,2025-10-18 00:00:00,3988.3636363636365,39.90909090909091,11
E7-00-52-6E,One,2024-06-06,MX,3.2.7,2025-10-18 00:00:00,3981.714285714286,32.30612244897959,49
E7-00-52-77,One,2024-06-06,BR,3.1.37,2025-10-18 00:00:00,3911.529411764706,26.274509803921568,51
E7-00-52-79,One,2024-06-06,FR,3.1.37,2025-10-18 00:00:00,4033.3061224489797,37.734693877551024,49
E7-00-52-7F,One,2024-06-10,GR,3.2.7,2025-10-18 00:00:00,3991.529411764706,28.764705882352942,17
E7-00-52-81,One,2024-06-10,BR,3.2.7,2025-10-18 00:00:00,4036.078431372549,32.64705882352941,51
E7-00-52-8C,One,2024-06-14,BR,3.1.37,2025-10-18 00:00:00,3880.126984126984,27.07936507936508,63
E7-00-52-90,One,2024-06-14,US,3.2.7,2025-10-18 00:00:00,4054.08,48.84,50
E7-00-52-91,One,2024-06-14,BR,3.1.37,2025-10-18 00:00:00,3911.076923076923,29.826923076923077,52
E7-00-52-93,One,2024-06-14,US,3.2.7,2025-10-18 00:00:00,4063.7241379310344,37.60344827586207,58
E7-00-52-94,One,2024-06-14,US,3.2.7,2025-10-18 00:00:00,4055.076923076923,47.61538461538461,52
E7-00-52-96,One,2024-06-16,BR,3.1.37,2025-10-18 00:00:00,3966.8571428571427,28.160714285714285,56
E7-00-52-97,One,2024-06-16,MA,3.1.37,2025-10-18 00:00:00,4029.6,37.766666666666666,60
E7-00-52-98,One,2024-06-16,GB,3.2.7,2025-10-18 00:00:00,4049.9591836734694,41.02040816326531,49
E7-00-52-99,One,2024-06-16,MA,3.2.7,2025-10-18 00:00:00,3995.84,35.22,50
E7-00-52-9D,One,2024-06-16,BR,3.2.7,2025-10-18 00:00:00,3913.018181818182,19.327272727272728,55
E7-00-52-9E,One,2024-06-16,BR,3.1.37,2025-10-18 00:00:00,4007.757575757576,23.666666666666668,33
E7-00-52-A8,One,2024-06-17,US,3.2.7,2025-10-18 00:00:00,4030.08,37.92,50
E7-00-52-A9,One,2024-06-17,IL,3.1.37,2025-10-18 00:00:00,4049.0526315789475,40.1578947368421,76
E7-00-52-AA,One,2024-06-17,BR,3.1.37,2025-10-18 00:00:00,3494.4,29.29090909090909,55
E7-00-52-AD,One,2024-06-17,BR,3.1.37,2025-10-18 00:00:00,3852.48,35.16,50
E7-00-52-B2,One,2024-06-17,BR,3.2.7,2025-10-18 00:00:00,3631.6923076923076,44.69230769230769,52
E7-00-52-B7,One,2024-06-17,PH,3.1.37,2025-10-18 00:00:00,4033.35593220339,37.59322033898305,59
E7-00-52-BC,One,2024-06-18,GT,3.2.7,2025-10-18 00:00:00,4034.24,42.6,50
E7-00-52-BD,One,2024-06-18,GT,3.2.7,2025-10-18 00:00:00,4058.962962962963,23.64814814814815,54
E7-00-52-BF,One,2024-06-18,BR,3.2.7,2025-10-18 00:00:00,4029.44,24.5,50
E7-00-52-C0,One,2024-06-18,GT,3.2.7,2025-10-18 00:00:00,4024.96,43.84,50
E7-00-52-C1,One,2024-06-18,IL,3.2.7,2025-10-18 00:00:00,4065.6666666666665,26.416666666666668,48
E7-00-52-CB,One,2024-06-20,MY,3.2.7,2025-10-18 00:00:00,4053.5510204081634,35.3469387755102,49
E7-00-52-CC,One,2024-06-20,GT,3.2.7,2025-10-18 00:00:00,4006.72,49,50
E7-00-52-CF,One,2024-06-20,TR,3.2.7,2025-10-18 00:00:00,3970.9690721649486,32.44329896907217,97
E7-00-52-D8,One,2024-06-23,TR,3.2.0,2025-10-18 00:00:00,4033.814432989691,35.103092783505154,97
E7-00-52-E4,One,2024-06-25,AZ,3.2.7,2025-10-18 00:00:00,4043.1020408163267,48.95918367346939,49
E7-00-52-E7,One,2024-06-25,TR,3.1.37,2025-10-18 00:00:00,2668,27,8
E7-00-52-E8,One,2024-06-25,TR,3.2.0,2025-10-18 00:00:00,4020.6666666666665,33.520833333333336,96
E7-00-52-EB,One,2024-06-26,MA,3.1.37,2025-10-18 00:00:00,4015.1111111111113,32.52469135802469,162
E7-00-52-EF,One,2024-06-26,TR,3.2.0,2025-10-18 00:00:00,4026.3917525773195,35.29896907216495,97
E7-00-52-F0,One,2024-06-26,TR,3.2.0,2025-10-18 00:00:00,4040.6530612244896,33.36734693877551,98
E7-00-52-F1,One,2024-06-26,TR,3.2.0,2025-10-18 00:00:00,4024.742268041237,22.422680412371133,97
E7-00-52-F2,One,2024-06-26,TR,3.2.0,2025-10-18 00:00:00,4021.773195876289,38.154639175257735,97
E7-00-52-F5,One,2024-06-27,TR,3.2.0,2025-10-18 00:00:00,4031.8350515463917,48.47422680412371,97
E7-00-52-F6,One,2024-06-27,TR,3.2.0,2025-10-18 00:00:00,4053.278350515464,41.402061855670105,97
E7-00-52-F9,One,2024-06-27,BR,3.1.37,2025-10-18 00:00:00,3904,22.444444444444443,18
E7-00-53-00,One,2024-06-30,TR,3.1.37,2025-10-18 00:00:00,4042.343434343434,38.83838383838384,99
E7-00-53-01,One,2024-06-30,TR,3.1.37,2025-10-18 00:00:00,3993.40206185567,33.44329896907217,97
E7-00-53-02,One,2024-06-30,IL,3.1.37,2025-10-18 00:00:00,3585.1162790697676,31.906976744186046,43
E7-00-53-03,One,2024-06-30,TR,3.1.37,2025-10-18 00:00:00,3995.7714285714287,26.17142857142857,140
E7-00-53-04,One,2024-06-30,US,3.2.7,2025-10-18 00:00:00,4046.08,32.82,50
E7-00-53-05,One,2024-06-30,TR,3.2.7,2025-10-18 00:00:00,3763.463917525773,17.917525773195877,97
E7-00-53-06,One,2024-07-01,US,3.2.7,2025-10-18 00:00:00,4051.6721311475408,26.37704918032787,61
E7-00-53-08,One,2024-07-01,TR,3.1.37,2025-10-18 00:00:00,3907.2,22.625,40
E7-00-53-0B,One,2024-07-01,IL,3.1.37,2025-10-18 00:00:00,3705.8823529411766,27.985294117647058,68
E7-00-53-0C,One,2024-07-01,TR,3.2.7,2025-10-18 00:00:00,3924.618556701031,32.402061855670105,97
E7-00-53-0D,One,2024-07-01,TR,3.2.0,2025-10-18 00:00:00,4048,43.21649484536083,97
E7-00-53-0E,One,2024-07-01,TR,3.2.7,2025-10-18 00:00:00,4056.2474226804125,39.21649484536083,97
E7-00-53-0F,One,2024-07-01,TR,3.2.0,2025-10-18 00:00:00,4035.958762886598,36.18556701030928,97
E7-00-53-11,One,2024-07-07,US,3.2.7,2025-10-18 00:00:00,3993.28,29.66,50
E7-00-53-13,One,2024-07-07,US,3.2.7,2025-10-18 00:00:00,4071.36,39.62,50
E7-00-53-15,One,2024-07-07,US,3.2.7,2025-10-18 00:00:00,4053.3333333333335,34,51
E7-00-53-16,One,2024-07-07,TR,3.2.0,2025-10-18 00:00:00,4032.659793814433,32.144329896907216,97
E7-00-53-17,One,2024-07-07,AZ,3.2.7,2025-10-18 00:00:00,4029.387755102041,36.83673469387755,49
E7-00-53-20,One,2024-07-08,IL,3.1.37,2025-10-18 00:00:00,3954.909090909091,29.935064935064936,77
E7-00-53-24,One,2024-07-08,TR,3.2.0,2025-10-18 00:00:00,4018.4742268041236,36.96907216494845,97
E7-00-53-26,One,2024-07-08,MA,3.1.37,2025-10-18 00:00:00,4048,37.16981132075472,53
E7-00-53-29,One,2024-07-08,TR,3.2.7,2025-10-18 00:00:00,3711.6701030927834,37.50515463917526,97
E7-00-53-2B,One,2024-07-09,IL,3.1.37,2025-10-18 00:00:00,4041.777777777778,32.833333333333336,36
E7-00-53-2D,One,2024-07-09,MA,3.1.37,2025-10-18 00:00:00,4044.6567164179105,29.925373134328357,67
E7-00-53-31,One,2024-07-09,TR,3.2.0,2025-10-18 00:00:00,4043.1020408163267,34.42857142857143,98
E7-00-53-38,One,2024-07-15,TR,3.2.0,2025-10-18 00:00:00,4038.2680412371133,34.11340206185567,97
E7-00-53-C5,One,2024-08-25,IL,3.2.7,2025-10-18 00:00:00,4074.6666666666665,24,3
E7-00-53-D2,One,2024-09-04,IL,3.1.37,2025-10-18 00:00:00,4060.8,34.373333333333335,75
E7-00-53-D5,One,2024-09-04,IL,3.1.37,2025-10-18 00:00:00,4056.2758620689656,29.29310344827586,58
E7-00-53-DD,One,2024-09-05,IL,3.1.37,2025-10-18 00:00:00,4047.0361445783133,33.98795180722892,83
E7-00-53-DF,One,2024-09-05,IN,3.2.7,2025-10-18 00:00:00,4060.734693877551,35.3469387755102,49
E7-00-53-E0,One,2024-09-05,US,3.2.7,2025-10-18 00:00:00,4051.84,28.38,50
E7-00-53-E1,One,2024-09-05,IL,3.2.7,2025-10-18 00:00:00,4064.9795918367345,38.61224489795919,49
E7-00-53-E2,One,2024-09-05,US,3.2.7,2025-10-18 00:00:00,4062.3673469387754,26.632653061224488,49
E7-00-53-F3,One,2024-09-08,BR,3.2.7,2025-10-18 00:00:00,3902.3673469387754,29.06122448979592,49
E7-00-53-F4,One,2024-09-08,MX,3.2.7,2025-10-18 00:00:00,4053.12,29.52,25
E7-00-53-F5,One,2024-09-08,MX,3.2.7,2025-10-18 00:00:00,4046.181818181818,25.022727272727273,44
E7-00-53-F7,One,2024-09-08,BR,3.1.37,2025-10-18 00:00:00,3876.7659574468084,32.829787234042556,47
E7-00-54-00,One,2024-09-08,BR,3.1.37,2025-10-18 00:00:00,3942.530612244898,19.26530612244898,49
E7-00-54-01,One,2024-09-09,BR,3.2.7,2025-10-18 00:00:00,4053.3333333333335,30.862745098039216,51
E7-00-54-03,One,2024-09-09,BG,3.2.7,2025-10-18 00:00:00,4030.0408163265306,26.102040816326532,49
E7-00-54-05,One,2024-09-09,AR,3.1.37,2025-10-18 00:00:00,3938.3859649122805,25.592105263157894,228
E7-00-54-0B,One,2024-09-09,AR,3.2.7,2025-10-18 00:00:00,4018.6020761245672,39.39446366782007,289
E7-00-54-0C,One,2024-09-09,BR,3.1.37,2025-10-18 00:00:00,3964.3333333333335,30.770833333333332,48
E7-00-54-0D,One,2024-09-09,BR,3.1.37,2025-10-18 00:00:00,3951,29.666666666666668,48
E7-00-54-0F,One,2024-09-09,BR,3.2.7,2025-10-18 00:00:00,4072.4897959183672,35.46938775510204,49
E7-00-54-11,One,2024-09-09,MX,3.2.7,2025-10-18 00:00:00,4042.181818181818,24.467532467532468,77
E7-00-54-12,One,2024-09-09,BG,3.2.7,2025-10-18 00:00:00,3743.68,30.52,50
E7-00-54-15,One,2024-09-09,BR,3.1.37,2025-10-18 00:00:00,4009.6666666666665,20.354166666666668,48
E7-00-54-16,One,2024-09-10,IL,3.1.37,2025-10-18 00:00:00,4031.304347826087,33.73913043478261,69
E7-00-54-17,One,2024-09-10,IL,3.1.37,2025-10-18 00:00:00,4003.7966101694915,42.23728813559322,59
E7-00-54-19,One,2024-09-10,MX,3.2.7,2025-10-18 00:00:00,3404.4444444444443,24.11111111111111,9
E7-00-54-1C,One,2024-09-10,IL,3.1.37,2025-10-18 00:00:00,3951.0123456790125,35.148148148148145,81
E7-00-54-20,One,2024-09-10,US,3.2.7,2025-10-18 00:00:00,4049.2549019607845,23.745098039215687,51
E7-00-54-21,One,2024-09-10,BR,3.1.37,2025-10-18 00:00:00,4061.44,22.7,50
E7-00-54-23,One,2024-09-10,IL,3.1.37,2025-10-18 00:00:00,4049.2631578947367,47.21052631578947,76
E7-00-54-25,One,2024-09-10,IL,3.1.37,2025-10-18 00:00:00,3105.846153846154,30.576923076923077,52
E7-00-54-26,One,2024-09-10,BG,3.2.7,2025-10-18 00:00:00,3670.8571428571427,32.265306122448976,49
E7-00-54-27,One,2024-09-10,MX,3.2.7,2025-10-18 00:00:00,4033.0434782608695,22.804347826086957,46
E7-00-54-28,One,2024-09-10,BR,3.2.7,2025-10-18 00:00:00,4035.04,22.7,100
E7-00-54-29,One,2024-09-10,IL,3.1.37,2025-10-18 00:00:00,3948.6117647058823,27.258823529411764,85
E7-00-54-2F,One,2024-09-11,BR,3.1.37,2025-10-18 00:00:00,3925.2244897959185,23.06122448979592,49
E7-00-54-31,One,2024-09-11,BR,3.1.37,2025-10-18 00:00:00,3996.9122807017543,32.43859649122807,57
E7-00-54-35,One,2024-09-11,CR,3.2.7,2025-10-18 00:00:00,4030.6938775510203,34.857142857142854,49
E7-00-54-36,One,2024-09-11,BR,3.2.0,2025-10-18 00:00:00,3851.84,24.06,50
E7-00-54-37,One,2024-09-11,BR,3.1.37,2025-10-18 00:00:00,4028.8524590163934,34.721311475409834,61
E7-00-54-38,One,2024-09-11,BR,3.2.7,2025-10-18 00:00:00,4064.6530612244896,27.102040816326532,49
E7-00-54-3A,One,2024-09-11,CR,3.1.37,2025-10-18 00:00:00,3660.408163265306,27.285714285714285,49
E7-00-54-3B,One,2024-09-11,BR,3.1.37,2025-10-18 00:00:00,3985.8823529411766,27.529411764705884,51
E7-00-54-3E,One,2024-09-11,IL,3.1.37,2025-10-18 00:00:00,4039.8490566037735,44.522012578616355,159
E7-00-54-40,One,2024-09-11,BR,3.2.0,2025-10-18 00:00:00,4026.8282828282827,27.939393939393938,99
E7-00-54-47,One,2024-09-15,IL,3.1.37,2025-10-18 00:00:00,4040.788732394366,41.91549295774648,71
E7-00-54-4A,One,2024-09-15,IL,3.1.37,2025-10-18 00:00:00,4023.710843373494,44.87951807228916,83
E7-00-54-4B,One,2024-09-15,IL,3.1.37,2025-10-18 00:00:00,4050.909090909091,22.303030303030305,33
E7-00-54-4C,One,2024-09-15,BR,3.1.37,2025-10-18 00:00:00,3889.6326530612246,18.877551020408163,49
E7-00-54-4D,One,2024-09-15,US,3.2.7,2025-10-18 00:00:00,4048.6530612244896,25.142857142857142,49
E7-00-54-50,One,2024-09-16,IL,3.1.37,2025-10-18 00:00:00,4031.549295774648,29.91549295774648,71
E7-00-54-51,One,2024-09-16,US,3.2.7,2025-10-18 00:00:00,4061.5849056603774,24.92452830188679,53
E7-00-54-52,One,2024-09-16,US,3.2.7,2025-10-18 00:00:00,4062.72,23.92,50
E7-00-54-53,One,2024-09-16,IL,3.1.37,2025-10-18 00:00:00,4045.935483870968,35.16129032258065,62
E7-00-54-55,One,2024-09-16,IL,3.1.37,2025-10-18 00:00:00,4024.190476190476,33.01190476190476,84
E7-00-54-56,One,2024-09-16,IL,3.1.37,2025-10-18 00:00:00,4002.31884057971,34.85507246376812,69
E7-00-54-58,One,2024-09-16,IL,3.1.37,2025-10-18 00:00:00,4015.4074074074074,23.555555555555557,27
E7-00-54-5A,One,2024-09-16,US,3.2.7,2025-10-18 00:00:00,4069.5510204081634,79.28571428571429,49
E7-00-54-5B,One,2024-09-16,IL,3.1.37,2025-10-18 00:00:00,4028.6315789473683,47.223684210526315,76
E7-00-54-5C,One,2024-09-16,US,3.2.7,2025-10-18 00:00:00,4064.9795918367345,30.387755102040817,49
E7-00-54-5D,One,2024-09-16,IL,3.1.37,2025-10-18 00:00:00,4037.8591549295775,33.7887323943662,71
E7-00-54-5E,One,2024-09-16,US,3.2.7,2025-10-18 00:00:00,4051.068493150685,22.82191780821918,73
E7-00-54-60,One,2024-09-16,US,3.2.7,2025-10-18 00:00:00,4060.408163265306,29.20408163265306,49
E7-00-54-62,One,2024-09-16,IL,3.1.37,2025-10-18 00:00:00,3990.4444444444443,32.22222222222222,72
E7-00-54-63,One,2024-09-16,IL,3.1.37,2025-10-18 00:00:00,4050.227848101266,38.265822784810126,79
E7-00-54-64,One,2024-09-17,IL,3.1.37,2025-10-18 00:00:00,4034.086956521739,23.73913043478261,69
E7-00-54-68,One,2024-09-17,IL,3.1.37,2025-10-18 00:00:00,4006.814814814815,31.314814814814813,54
E7-00-54-69,One,2024-09-17,IL,3.1.37,2025-10-18 00:00:00,4037.917808219178,32.16438356164384,73
E7-00-54-6B,One,2024-09-17,IL,3.1.37,2025-10-18 00:00:00,4043.2380952380954,40.32142857142857,84
E7-00-54-6C,One,2024-09-17,IL,3.1.37,2025-10-18 00:00:00,3702.6206896551726,32.189655172413794,58
E7-00-54-6D,One,2024-09-17,US,3.2.7,2025-10-18 00:00:00,4048.6530612244896,31.285714285714285,49
E7-00-54-6E,One,2024-09-17,IL,3.1.37,2025-10-18 00:00:00,4035.5862068965516,33.36206896551724,58
E7-00-54-6F,One,2024-09-17,IL,3.1.37,2025-10-18 00:00:00,2745.777777777778,23.77777777777778,18
E7-00-54-70,One,2024-09-17,US,3.2.7,2025-10-18 00:00:00,4049.28,39.9,50
E7-00-54-78,One,2024-09-18,IL,3.1.37,2025-10-18 00:00:00,4037.8947368421054,27.05263157894737,76
E7-00-54-79,One,2024-09-18,IL,3.1.37,2025-10-18 00:00:00,4035.6,42.8875,80
E7-00-54-7D,One,2024-09-18,IL,3.1.37,2025-10-18 00:00:00,4027.759036144578,37.54216867469879,83
E7-00-54-7F,One,2024-09-18,US,3.2.7,2025-10-18 00:00:00,4033.7454545454543,40.85454545454545,55
E7-00-54-81,One,2024-09-18,TH,3.2.0,2025-10-18 00:00:00,3881.9622641509436,38.679245283018865,53
E7-00-54-84,One,2024-09-18,IL,3.1.37,2025-10-18 00:00:00,4048.4210526315787,43.63157894736842,76
E7-00-54-85,One,2024-09-18,TR,3.1.37,2025-10-18 00:00:00,4040.4123711340208,36.79381443298969,97
E7-00-54-87,One,2024-09-18,TH,3.2.7,2025-10-18 00:00:00,3869.387755102041,31.693877551020407,49
E7-00-54-88,One,2024-09-18,TH,3.2.7,2025-10-18 00:00:00,4066.24,41.1,50
E7-00-54-8B,One,2024-09-19,TR,3.2.0,2025-10-18 00:00:00,4026,39.21875,96
E7-00-54-8C,One,2024-09-19,TR,3.2.0,2025-10-18 00:00:00,4041.7319587628867,29.8659793814433,97
E7-00-54-8E,One,2024-09-19,TR,3.2.7,2025-10-18 00:00:00,4020.453608247423,34.58762886597938,97
E7-00-54-8F,One,2024-09-19,TR,3.2.0,2025-10-18 00:00:00,4063.340206185567,22.948453608247423,97
E7-00-54-92,One,2024-09-19,US,3.2.7,2025-10-18 00:00:00,4063.36,36.82,50
E7-00-54-93,One,2024-09-19,US,3.2.7,2025-10-18 00:00:00,4063.4285714285716,34.69642857142857,56
E7-00-54-9A,One,2024-09-19,IL,3.1.37,2025-10-18 00:00:00,2739.2,35.6,5
E7-00-54-9B,One,2024-09-22,TR,3.2.0,2025-10-18 00:00:00,4012.701030927835,28.50515463917526,97
E7-00-54-9C,One,2024-09-22,TR,3.2.0,2025-10-18 00:00:00,3973.773195876289,40.24742268041237,97
E7-00-54-9D,One,2024-09-22,TR,3.2.0,2025-10-18 00:00:00,4021.1134020618556,33.74226804123711,97
E7-00-54-9F,One,2024-09-22,TR,3.2.7,2025-10-18 00:00:00,4054.3673469387754,31.959183673469386,98
E7-00-54-A0,One,2024-09-22,TR,3.2.0,2025-10-18 00:00:00,4019.68,35.1,100
E7-00-54-A1,One,2024-09-22,TR,3.2.0,2025-10-18 00:00:00,4059.1157894736843,39.63157894736842,95
E7-00-54-A5,One,2024-09-22,TR,3.2.0,2025-10-18 00:00:00,4034.7755102040815,44.09183673469388,98
E7-00-54-A6,One,2024-09-22,TR,3.2.0,2025-10-18 00:00:00,4047.8350515463917,39.43298969072165,97
E7-00-54-A8,One,2024-09-22,TR,3.2.0,2025-10-18 00:00:00,4016.3298969072166,37.04123711340206,97
E7-00-54-AA,One,2024-09-22,TR,3.2.0,2025-10-18 00:00:00,3584,46.234693877551024,98
E7-00-54-AD,One,2024-09-23,DE,3.2.7,2025-10-18 00:00:00,4011.52,23.74,50
E7-00-54-AE,One,2024-09-23,DE,3.2.7,2025-10-18 00:00:00,4013.061224489796,33.30612244897959,49
E7-00-54-AF,One,2024-09-23,AU,3.2.7,2025-10-18 00:00:00,4047.372549019608,42.333333333333336,51
E7-00-54-B0,One,2024-09-23,EC,3.2.7,2025-10-18 00:00:00,4069.12,49,50
E7-00-54-B1,One,2024-09-23,DE,3.2.7,2025-10-18 00:00:00,4038.8571428571427,21.653061224489797,49
E7-00-54-B3,One,2024-09-23,EC,3.2.7,2025-10-18 00:00:00,4054.901960784314,48.72549019607843,51
E7-00-54-B4,One,2024-09-23,DE,3.2.0,2025-10-18 00:00:00,3926,21.666666666666668,48
E7-00-54-B6,One,2024-09-23,EC,3.2.7,2025-10-18 00:00:00,4061.061224489796,48.97959183673469,49
E7-00-54-B7,One,2024-09-23,EC,3.1.37,2025-10-18 00:00:00,4045.6,49,40
E7-00-54-B9,One,2024-09-23,DE,3.2.7,2025-10-18 00:00:00,3941.5510204081634,31.020408163265305,49
E7-00-54-BA,One,2024-09-23,EC,3.2.7,2025-10-18 00:00:00,4056,49,50
E7-00-54-BC,One,2024-09-23,IL,3.1.37,2025-10-18 00:00:00,4050.635294117647,32.90588235294118,85
E7-00-54-BD,One,2024-09-23,IL,3.1.37,2025-10-18 00:00:00,4042.9333333333334,38.45,60
E7-00-54-C0,One,2024-09-23,TR,3.2.0,2025-10-18 00:00:00,4008.2474226804125,46.44329896907217,97
E7-00-54-C2,One,2024-09-24,DE,3.2.7,2025-10-18 00:00:00,4046.0408163265306,21.020408163265305,49
E7-00-54-C3,One,2024-09-24,EC,3.2.7,2025-10-18 00:00:00,4019.6666666666665,49,48
E7-00-54-C4,One,2024-09-24,IL,3.1.37,2025-10-18 00:00:00,4039.8688524590166,41.09836065573771,61
E7-00-54-C6,One,2024-09-24,EC,3.2.7,2025-10-18 00:00:00,4064,48.74,50
E7-00-54-C9,One,2024-09-24,DE,3.2.7,2025-10-18 00:00:00,4050.612244897959,23.408163265306122,49
E7-00-54-CA,One,2024-09-24,DE,3.2.7,2025-10-18 00:00:00,4040.2051282051284,23.487179487179485,39
E7-00-54-CB,One,2024-09-24,TR,3.2.0,2025-10-18 00:00:00,4020.1237113402062,40.670103092783506,97
E7-00-54-CC,One,2024-09-24,TR,3.2.0,2025-10-18 00:00:00,4045.6907216494847,35.845360824742265,97
E7-00-54-CD,One,2024-09-24,IL,3.1.37,2025-10-18 00:00:00,4035.9298245614036,33.666666666666664,57
E7-00-54-CE,One,2024-09-24,DE,3.2.7,2025-10-18 00:00:00,4041.469387755102,22.653061224489797,49
E7-00-54-D1,One,2024-09-24,TR,3.2.0,2025-10-18 00:00:00,4007.1666666666665,48.802083333333336,96
E7-00-54-D2,One,2024-09-24,TR,3.2.7,2025-10-18 00:00:00,4037,33.052083333333336,96
E7-00-54-D4,One,2024-09-24,TR,3.2.7,2025-10-18 00:00:00,4017.814432989691,27.79381443298969,97
E7-00-54-D5,One,2024-09-24,TR,3.2.7,2025-10-18 00:00:00,4040.5656565656564,33.17171717171717,99
E7-00-54-D6,One,2024-09-24,TR,3.2.0,2025-10-18 00:00:00,4046.5154639175257,38.94845360824742,97
E7-00-54-D7,One,2024-09-24,TR,3.2.0,2025-10-18 00:00:00,4018.3092783505153,33.55670103092783,97
E7-00-54-D8,One,2024-09-24,TR,3.2.0,2025-10-18 00:00:00,4027.04,35.52,100
E7-00-54-DB,One,2024-09-25,HU,3.1.37,2025-10-18 00:00:00,3983.659574468085,36.723404255319146,47
E7-00-54-DC,One,2024-09-25,AU,3.2.7,2025-10-18 00:00:00,4056.96,27.2,50
E7-00-54-DD,One,2024-09-25,IL,3.1.37,2025-10-18 00:00:00,4047.7090909090907,31.563636363636363,55
E7-00-54-DE,One,2024-09-25,IL,3.1.37,2025-10-18 00:00:00,4042.731707317073,31.414634146341463,82
E7-00-54-DF,One,2024-09-25,EC,3.2.7,2025-10-18 00:00:00,4042.56,49,50
E7-00-54-E1,One,2024-09-25,DE,3.2.7,2025-10-18 00:00:00,4047.6666666666665,21.958333333333332,48
E7-00-54-E5,One,2024-09-25,IL,3.1.37,2025-10-18 00:00:00,4048.7384615384617,39.33846153846154,65
E7-00-54-E6,One,2024-09-25,IL,3.1.37,2025-10-18 00:00:00,4048.955223880597,38.507462686567166,67
E7-00-54-ED,One,2024-09-26,NL,3.1.37,2025-10-18 00:00:00,4038.7368421052633,41.70175438596491,57
E7-00-54-EE,One,2024-09-26,FR,3.1.37,2025-10-18 00:00:00,4052.5283018867926,29.150943396226417,53
E7-00-54-F2,One,2024-09-26,FR,3.1.37,2025-10-18 00:00:00,4042.7755102040815,31.775510204081634,49
E7-00-54-F4,One,2024-09-26,IL,3.1.37,2025-10-18 00:00:00,4041.173333333333,32.86666666666667,75
E7-00-54-F5,One,2024-09-26,IL,3.1.37,2025-10-18 00:00:00,4049.159420289855,31.08695652173913,69
E7-00-54-F9,One,2024-09-26,IT,3.1.37,2025-10-18 00:00:00,3977.714285714286,38.07142857142857,56
E7-00-54-FC,One,2024-09-29,NL,3.1.37,2025-10-18 00:00:00,4037.245901639344,34.295081967213115,61
E7-00-54-FF,One,2024-09-29,NL,3.1.37,2025-10-18 00:00:00,4044.6792452830186,34.45283018867924,53
E7-00-55-02,One,2024-09-29,NL,3.1.37,2025-10-18 00:00:00,4036.072727272727,32.90909090909091,55
E7-00-55-04,One,2024-09-29,NL,3.1.37,2025-10-18 00:00:00,4043.259259259259,35.907407407407405,54
E7-00-55-05,One,2024-09-29,IL,3.1.37,2025-10-18 00:00:00,4042.3529411764707,28.529411764705884,51
E7-00-55-06,One,2024-09-29,NL,3.1.37,2025-10-18 00:00:00,4040.406779661017,33.47457627118644,59
E7-00-55-07,One,2024-09-29,IT,3.1.37,2025-10-18 00:00:00,3950.222222222222,35.77777777777778,54
E7-00-55-0A,One,2024-09-29,EC,3.2.7,2025-10-18 00:00:00,4048,49,49
E7-00-55-0B,One,2024-09-29,EC,3.2.7,2025-10-18 00:00:00,4070.4615384615386,49,52
E7-00-55-0E,One,2024-09-29,NL,3.1.37,2025-10-18 00:00:00,4064.8571428571427,35.5,56
E7-00-55-18,One,2024-09-30,GR,3.2.7,2025-10-18 00:00:00,4031.673469387755,41.714285714285715,49
E7-00-55-19,One,2024-09-30,MX,3.1.37,2025-10-18 00:00:00,4055.36,19.66,50
E7-00-55-1A,One,2024-09-30,IL,3.1.37,2025-10-18 00:00:00,4040,21.353658536585368,82
E7-00-55-1B,One,2024-09-30,NL,3.1.37,2025-10-18 00:00:00,3584,23.931506849315067,73
E7-00-55-1F,One,2024-09-30,IL,3.1.37,2025-10-18 00:00:00,4049.3493975903616,33.25301204819277,83
E7-00-55-21,One,2024-09-30,IL,3.1.37,2025-10-18 00:00:00,4041.0526315789475,40.38157894736842,76
E7-00-55-23,One,2024-09-30,IL,3.1.37,2025-10-18 00:00:00,4016,33.516129032258064,31
E7-00-55-28,One,2024-10-01,NL,3.1.37,2025-10-18 00:00:00,3629,25.208333333333332,48
E7-00-55-2A,One,2024-10-01,IL,3.1.37,2025-10-18 00:00:00,4038.060606060606,37.60606060606061,66
E7-00-55-2E,One,2024-10-01,IL,3.1.37,2025-10-18 00:00:00,3488.6075949367087,34.69620253164557,79
E7-00-55-30,One,2024-10-01,IL,3.1.37,2025-10-18 00:00:00,4037.837837837838,32.7027027027027,74
E7-00-55-31,One,2024-10-01,IL,3.1.37,2025-10-18 00:00:00,4046.974358974359,37.34615384615385,78
E7-00-55-36,One,2024-10-08,GR,3.2.7,2025-10-18 00:00:00,4042.7755102040815,48.97959183673469,49
E7-00-55-38,One,2024-10-08,GR,3.2.7,2025-10-18 00:00:00,4044.549019607843,47.705882352941174,51
E7-00-55-39,One,2024-10-08,GR,3.2.7,2025-10-18 00:00:00,4047.0204081632655,39.816326530612244,49
E7-00-55-3A,One,2024-10-08,GR,3.2.7,2025-10-18 00:00:00,4051.918367346939,34.63265306122449,49
E7-00-55-3B,One,2024-10-08,GR,3.2.7,2025-10-18 00:00:00,4025.469387755102,37.95918367346939,49
E7-00-55-3D,One,2024-10-08,GR,3.2.7,2025-10-18 00:00:00,4034.612244897959,47.55102040816327,49
E7-00-55-41,One,2024-10-09,MX,3.2.7,2025-10-18 00:00:00,4053.6949152542375,38.40677966101695,59
E7-00-55-42,One,2024-10-09,IL,3.1.37,2025-10-18 00:00:00,4032.4155844155844,38.87012987012987,77
E7-00-55-43,One,2024-10-09,MX,3.2.7,2025-10-18 00:00:00,4051.5310344827585,45.93103448275862,145
E7-00-55-44,One,2024-10-09,GR,3.2.7,2025-10-18 00:00:00,4054.530612244898,47.63265306122449,49
E7-00-55-46,One,2024-10-09,IL,3.1.37,2025-10-18 00:00:00,4044.759493670886,35.860759493670884,79
E7-00-55-4A,One,2024-10-09,FR,3.1.37,2025-10-18 00:00:00,4036,25.5,52
E7-00-55-50,One,2024-10-09,TR,3.1.37,2025-10-18 00:00:00,4048,37.244897959183675,98
E7-00-55-51,One,2024-10-09,TR,3.2.7,2025-10-18 00:00:00,4043.381443298969,39.391752577319586,97
E7-00-55-52,One,2024-10-09,TR,3.2.7,2025-10-18 00:00:00,4048,39.31958762886598,97
E7-00-55-57,One,2024-10-09,US,3.2.7,2025-10-18 00:00:00,4011.7923875432525,39.89965397923876,289
E7-00-55-5D,One,2024-10-10,US,3.2.7,2025-10-18 00:00:00,4076.5538461538463,31.984615384615385,65
E7-00-55-5E,One,2024-10-10,US,3.2.7,2025-10-18 00:00:00,4062.3673469387754,37.42857142857143,49
E7-00-55-5F,One,2024-10-10,FR,3.1.37,2025-10-18 00:00:00,4045.061224489796,29.224489795918366,49
E7-00-55-62,One,2024-10-10,MA,3.1.37,2025-10-18 00:00:00,4062.5185185185187,39,54
E7-00-55-66,One,2024-10-10,FR,3.1.37,2025-10-18 00:00:00,4043.294117647059,32.76470588235294,51
E7-00-55-67,One,2024-10-10,GE,3.2.0,2025-10-18 00:00:00,4063.0204081632655,49,49
E7-00-55-68,One,2024-10-10,TR,3.2.0,2025-10-18 00:00:00,4034.1666666666665,33.260416666666664,96
E7-00-55-69,One,2024-10-10,TR,3.1.37,2025-10-18 00:00:00,4048.161616161616,37.92929292929293,99
E7-00-55-6B,One,2024-10-10,TR,3.1.37,2025-10-18 00:00:00,4039.092783505155,36.103092783505154,97
E7-00-55-6C,One,2024-10-10,TR,3.2.0,2025-10-18 00:00:00,4044.2061855670104,35.422680412371136,97
E7-00-55-6D,One,2024-10-10,TR,3.2.0,2025-10-18 00:00:00,4032.494845360825,31.54639175257732,97
E7-00-55-6E,One,2024-10-10,TR,3.2.0,2025-10-18 00:00:00,4015.6701030927834,33,97
E7-00-55-6F,One,2024-10-10,TR,3.2.0,2025-10-18 00:00:00,4040.4897959183672,24.6734693877551,98
E7-00-55-70,One,2024-10-10,TR,3.2.0,2025-10-18 00:00:00,4012.3711340206187,35.391752577319586,97
E7-00-55-71,One,2024-10-13,TR,3.2.0,2025-10-18 00:00:00,3988.408163265306,36.02040816326531,98
E7-00-55-72,One,2024-10-13,TR,3.2.0,2025-10-18 00:00:00,4021.938144329897,35.63917525773196,97
E7-00-55-74,One,2024-10-13,IL,3.1.37,2025-10-18 00:00:00,4033.032258064516,22.774193548387096,62
E7-00-55-78,One,2024-10-13,GE,3.2.0,2025-10-18 00:00:00,4032,33.55102040816327,49
E7-00-55-79,One,2024-10-13,TR,3.2.0,2025-10-18 00:00:00,4038.8333333333335,30.65625,96
E7-00-55-7A,One,2024-10-13,TR,3.2.0,2025-10-18 00:00:00,4020.1237113402062,34.01030927835052,97
E7-00-55-7C,One,2024-10-13,IL,3.1.37,2025-10-18 00:00:00,3024.8888888888887,19.88888888888889,36
E7-00-55-7D,One,2024-10-13,GE,3.2.0,2025-10-18 00:00:00,4076.8,34.44,50
E7-00-55-7E,One,2024-10-13,IL,3.1.37,2025-10-18 00:00:00,4029.090909090909,35.714285714285715,77
E7-00-55-82,One,2024-10-13,TR,3.2.0,2025-10-18 00:00:00,4008.907216494845,32.2680412371134,97
E7-00-55-83,One,2024-10-13,TR,3.2.0,2025-10-18 00:00:00,4047.0103092783506,36.97938144329897,97
E7-00-55-84,One,2024-10-13,FR,3.1.37,2025-10-18 00:00:00,4025.795918367347,34,49
E7-00-55-86,One,2024-10-14,TR,3.1.37,2025-10-18 00:00:00,4045.6907216494847,20.24742268041237,97
E7-00-55-87,One,2024-10-14,IL,3.1.37,2025-10-18 00:00:00,2837.3333333333335,42,3
E7-00-55-88,One,2024-10-14,IL,3.1.37,2025-10-18 00:00:00,2725.3333333333335,49,3
E7-00-55-8A,One,2024-10-14,TR,3.1.37,2025-10-18 00:00:00,4042.3917525773195,39.31958762886598,97
E7-00-55-8B,One,2024-10-14,TR,3.1.37,2025-10-18 00:00:00,4043.8762886597938,24.63917525773196,97
E7-00-55-8C,One,2024-10-14,TR,3.1.37,2025-10-18 00:00:00,4061.360824742268,25.587628865979383,97
E7-00-55-8D,One,2024-10-14,IL,3.1.37,2025-10-18 00:00:00,2999.703703703704,26.62962962962963,27
E7-00-55-8E,One,2024-10-14,TR,3.1.37,2025-10-18 00:00:00,4049.6494845360826,48.83505154639175,97
E7-00-55-8F,One,2024-10-14,US,3.2.7,2025-10-18 00:00:00,4035.5068493150684,34.082191780821915,73
E7-00-55-90,One,2024-10-14,IL,3.1.37,2025-10-18 00:00:00,4018.133333333333,32.46666666666667,30
E7-00-55-91,One,2024-10-14,IL,3.1.37,2025-10-18 00:00:00,4028.108108108108,44.5945945945946,74
E7-00-55-94,One,2024-10-14,TR,3.1.37,2025-10-18 00:00:00,4039.422680412371,34.402061855670105,97
E7-00-55-95,One,2024-10-14,TR,3.2.0,2025-10-18 00:00:00,4037.6082474226805,33.608247422680414,97
E7-00-55-9A,One,2024-10-15,TR,3.1.37,2025-10-18 00:00:00,4045.5257731958764,40.74226804123711,97
E7-00-55-9B,One,2024-10-15,IL,3.1.37,2025-10-18 00:00:00,4021.8591549295775,32,71
E7-00-55-9D,One,2024-10-15,IL,3.1.37,2025-10-18 00:00:00,4035.5555555555557,39.458333333333336,72
E7-00-55-AB,One,2024-10-15,MX,3.2.7,2025-10-18 00:00:00,4050.938775510204,21.081632653061224,49
E7-00-55-AC,One,2024-10-15,TR,3.2.0,2025-10-18 00:00:00,3895.7525773195875,27.989690721649485,97
E7-00-55-AD,One,2024-10-20,IL,3.1.37,2025-10-18 00:00:00,2920.6153846153848,38.23076923076923,13
E7-00-55-AE,One,2024-10-20,TR,3.1.37,2025-10-18 00:00:00,4047.505154639175,31.63917525773196,97
E7-00-55-AF,One,2024-10-20,TR,3.1.37,2025-10-18 00:00:00,4042.3917525773195,31.84536082474227,97
E7-00-55-B0,One,2024-10-20,TR,3.2.0,2025-10-18 00:00:00,4053.1134020618556,33.78350515463917,97
E7-00-55-B1,One,2024-10-20,TR,3.1.37,2025-10-18 00:00:00,4047.0103092783506,24.010309278350515,97
E7-00-55-B2,One,2024-10-20,TR,3.1.37,2025-10-18 00:00:00,4053.773195876289,34.824742268041234,97
E7-00-55-B3,One,2024-10-20,TR,3.2.0,2025-10-18 00:00:00,4015.505154639175,34.07216494845361,97
E7-00-55-B4,One,2024-10-20,TR,3.2.0,2025-10-18 00:00:00,4027.8762886597938,33,97
E7-00-55-B7,One,2024-10-20,TR,3.1.37,2025-10-18 00:00:00,4043.7113402061855,48.8041237113402,97
E7-00-55-B8,One,2024-10-20,TR,3.2.0,2025-10-18 00:00:00,4049.1546391752577,29.84536082474227,97
E7-00-55-B9,One,2024-10-20,TR,3.2.0,2025-10-18 00:00:00,4039.092783505155,23.22680412371134,97
E7-00-55-BC,One,2024-10-20,MX,3.2.7,2025-10-18 00:00:00,4033.28,20.04,25
E7-00-55-BD,One,2024-10-20,TR,3.1.37,2025-10-18 00:00:00,4046.020618556701,23.072164948453608,97
E7-00-55-BF,One,2024-10-20,TR,3.2.7,2025-10-18 00:00:00,4005.443298969072,21.824742268041238,97
E7-00-55-C2,One,2024-10-20,TR,3.1.37,2025-10-18 00:00:00,4033.319587628866,38.95876288659794,97
E7-00-55-C6,One,2024-10-21,TR,3.1.37,2025-10-18 00:00:00,4011.0515463917527,34.72164948453608,97
E7-00-55-C8,One,2024-10-21,TR,3.2.0,2025-10-18 00:00:00,4068.734693877551,49,98
E7-00-55-CC,One,2024-10-21,TR,3.2.0,2025-10-18 00:00:00,4039.257731958763,34.18556701030928,97
E7-00-55-CD,One,2024-10-21,TR,3.1.37,2025-10-18 00:00:00,4033.018181818182,31.136363636363637,110
E7-00-55-D0,One,2024-10-21,TR,3.1.37,2025-10-18 00:00:00,4041.5670103092784,35.81443298969072,97
E7-00-55-D2,One,2024-10-21,TR,3.1.37,2025-10-18 00:00:00,4010.556701030928,32.22680412371134,97
E7-00-55-D3,One,2024-10-21,IL,3.1.37,2025-10-18 00:00:00,2830.1176470588234,21.647058823529413,17
E7-00-55-DA,One,2024-10-22,US,3.2.7,2025-10-18 00:00:00,4058.7755102040815,25.306122448979593,49
E7-00-55-DD,One,2024-10-22,US,3.2.7,2025-10-18 00:00:00,3983.3469387755104,32,49
E7-00-55-DE,One,2024-10-22,US,3.2.7,2025-10-18 00:00:00,4024.9824561403507,29.56140350877193,57
E7-00-55-E3,One,2024-10-22,US,3.2.7,2025-10-18 00:00:00,4039.8688524590166,32.114754098360656,61
E7-00-55-E5,One,2024-10-22,US,3.2.7,2025-10-18 00:00:00,4070.204081632653,30.714285714285715,49
E7-00-55-E6,One,2024-10-22,US,3.2.7,2025-10-18 00:00:00,4036.4137931034484,34.86896551724138,145
E7-00-55-E7,One,2024-10-22,US,3.2.7,2025-10-18 00:00:00,4017.722222222222,34.739583333333336,288
E7-00-55-E9,One,2024-10-22,US,3.2.7,2025-10-18 00:00:00,3667.38566552901,34.532423208191126,293
E7-00-55-EA,One,2024-10-27,GR,3.2.7,2025-10-18 00:00:00,4056.816326530612,49,49
E7-00-55-EC,One,2024-10-27,GR,3.2.7,2025-10-18 00:00:00,4048.326530612245,35.326530612244895,49
E7-00-55-EE,One,2024-10-27,GR,3.2.7,2025-10-18 00:00:00,4044.408163265306,39.36734693877551,49
E7-00-55-EF,One,2024-10-27,IL,3.1.37,2025-10-18 00:00:00,4038.315789473684,34.5921052631579,76
E7-00-55-F0,One,2024-10-27,GR,3.2.7,2025-10-18 00:00:00,4020.8979591836733,37.734693877551024,49
E7-00-55-F1,One,2024-10-27,BR,3.2.7,2025-10-18 00:00:00,3597.061224489796,31.163265306122447,49
E7-00-55-F4,One,2024-10-27,MA,3.1.37,2025-10-18 00:00:00,4035.622641509434,23.169811320754718,53
E7-00-55-F8,One,2024-10-27,US,3.2.7,2025-10-18 00:00:00,3988.3737024221455,21,289
E7-00-55-F9,One,2024-10-27,IL,3.1.37,2025-10-18 00:00:00,3896.109589041096,24.84931506849315,73
E7-00-55-FB,One,2024-10-27,GR,3.2.7,2025-10-18 00:00:00,4052.5714285714284,32.55102040816327,49
E7-00-56-00,One,2024-10-27,MA,3.1.37,2025-10-18 00:00:00,4065.3061224489797,39.795918367346935,49
E7-00-56-06,One,2024-10-28,IT,3.1.37,2025-10-18 00:00:00,4045.672727272727,33.945454545454545,55
E7-00-56-09,One,2024-10-28,IL,3.1.37,2025-10-18 00:00:00,4028.842105263158,36,76
E7-00-56-0F,One,2024-10-28,BR,3.1.37,2025-10-18 00:00:00,4017.3980582524273,31.62135922330097,103
E7-00-56-10,One,2024-10-28,GR,3.2.7,2025-10-18 00:00:00,4051.918367346939,35,49
E7-00-56-11,One,2024-10-28,GR,3.2.7,2025-10-18 00:00:00,4044.408163265306,48.795918367346935,49
E7-00-56-16,One,2024-10-28,GR,3.2.7,2025-10-18 00:00:00,4040.1632653061224,49,49
E7-00-56-19,One,2024-10-29,US,3.2.7,2025-10-18 00:00:00,4019.6601307189544,32.754901960784316,306
E7-00-56-1D,One,2024-10-29,US,3.2.7,2025-10-18 00:00:00,4024.3986710963454,27.18936877076412,301
E7-00-56-1F,One,2024-10-29,IL,3.1.37,2025-10-18 00:00:00,4014.5641025641025,41.62820512820513,78
E7-00-56-20,One,2024-10-29,TR,3.2.7,2025-10-18 00:00:00,4046.8453608247423,29.123711340206185,97
E7-00-56-21,One,2024-10-29,IL,3.1.37,2025-10-18 00:00:00,4048.4050632911394,34.18987341772152,79
E7-00-56-23,One,2024-10-29,TR,3.2.7,2025-10-18 00:00:00,4062.3505154639174,36,97
E7-00-56-24,One,2024-10-29,IL,3.1.37,2025-10-18 00:00:00,4038.2608695652175,37.18840579710145,69
E7-00-56-27,One,2024-10-29,BR,3.1.37,2025-10-18 00:00:00,4053.6470588235293,25.568627450980394,51
E7-00-56-28,One,2024-10-29,IL,3.1.37,2025-10-18 00:00:00,4036.8888888888887,38.111111111111114,72
E7-00-56-29,One,2024-10-29,IL,3.1.37,2025-10-18 00:00:00,4050.2,36.3125,80
E7-00-56-2A,One,2024-10-29,TR,3.1.37,2025-10-18 00:00:00,4026.4761904761904,35.476190476190474,84
E7-00-56-2B,One,2024-10-29,IT,3.1.37,2025-10-18 00:00:00,4046.344827586207,30.775862068965516,58
E7-00-56-2D,One,2024-10-29,US,3.2.7,2025-10-18 00:00:00,4054.5714285714284,38.910714285714285,56
E7-00-56-33,One,2024-10-30,BR,3.1.37,2025-10-18 00:00:00,4055.3846153846152,32.40384615384615,52
E7-00-56-36,One,2024-10-30,BR,3.1.37,2025-10-18 00:00:00,4042.4727272727273,26.854545454545455,55
E7-00-56-3C,One,2024-10-30,BR,3.2.7,2025-10-18 00:00:00,4066.0425531914893,34.191489361702125,47
E7-00-56-43,One,2024-10-30,US,3.2.7,2025-10-18 00:00:00,4020.5637583892617,24.701342281879196,298
E7-00-56-46,One,2024-10-31,BR,3.1.37,2025-10-18 00:00:00,4050.4150943396226,33.264150943396224,53
E7-00-56-47,One,2024-10-31,IL,3.1.37,2025-10-18 00:00:00,4034.7012987012986,32.79220779220779,77
E7-00-56-48,One,2024-10-31,GR,3.2.7,2025-10-18 00:00:00,4039.5102040816328,36.55102040816327,49
E7-00-56-4D,One,2024-10-31,BR,3.2.7,2025-10-18 00:00:00,4048.6666666666665,37.625,48
E7-00-56-4F,One,2024-10-31,IL,3.1.37,2025-10-18 00:00:00,3029.953488372093,37.95348837209303,43
E7-00-56-51,One,2024-10-31,US,3.2.7,2025-10-18 00:00:00,4058.264150943396,38.0377358490566,53
E7-00-56-56,One,2024-10-31,BR,3.2.7,2025-10-18 00:00:00,3933.2413793103447,33.48275862068966,29
E7-00-56-57,One,2024-10-31,BR,3.1.37,2025-10-18 00:00:00,4043.6666666666665,22.8125,48
E7-00-56-58,One,2024-10-31,BR,3.1.37,2025-10-18 00:00:00,4046.769230769231,28.384615384615383,52
E7-00-56-59,One,2024-10-31,GR,3.2.7,2025-10-18 00:00:00,4047,28.770833333333332,48
E7-00-56-5A,One,2024-11-03,IL,3.1.37,2025-10-18 00:00:00,4036.987012987013,20.285714285714285,77
E7-00-56-5B,One,2024-11-03,IL,3.1.37,2025-10-18 00:00:00,4054.8837209302324,22.36046511627907,86
E7-00-56-5C,One,2024-11-03,IL,3.1.37,2025-10-18 00:00:00,3884.7567567567567,39.527027027027025,74
E7-00-56-5D,One,2024-11-03,IL,3.1.37,2025-10-18 00:00:00,4043.3684210526317,36.4078947368421,76
E7-00-56-5E,One,2024-11-03,IL,3.1.37,2025-10-18 00:00:00,4033.382716049383,32.32098765432099,81
E7-00-56-5F,One,2024-11-03,IL,3.1.37,2025-10-18 00:00:00,4036.5405405405404,34.41891891891892,74
E7-00-56-60,One,2024-11-03,IL,3.1.37,2025-10-18 00:00:00,4036.8192771084337,22.819277108433734,83
E7-00-56-61,One,2024-11-03,IL,3.1.37,2025-10-18 00:00:00,3933.6,16.916666666666668,60
E7-00-56-63,One,2024-11-03,BR,3.2.7,2025-10-18 00:00:00,4050.612244897959,20.816326530612244,49
E7-00-56-64,One,2024-11-03,BR,3.1.37,2025-10-18 00:00:00,4062.5185185185187,23.88888888888889,54
E7-00-56-66,One,2024-11-03,IL,3.1.37,2025-10-18 00:00:00,4038.892307692308,48.646153846153844,65
E7-00-56-67,One,2024-11-03,IL,3.1.37,2025-10-18 00:00:00,3987.4285714285716,33.25,56
E7-00-56-A5,One,2024-11-06,MX,3.2.7,2025-10-18 00:00:00,4047.2195121951218,20.73170731707317,41
E7-00-56-A6,One,2024-11-06,MX,3.2.7,2025-10-18 00:00:00,4030.5454545454545,29.136363636363637,44
E7-00-56-AA,One,2024-11-06,MX,3.1.37,2025-10-18 00:00:00,4052.9454545454546,23.472727272727273,55
E7-00-56-AC,One,2024-11-06,MX,3.2.7,2025-10-18 00:00:00,4035.6363636363635,23.636363636363637,44
E7-00-56-AD,One,2024-11-06,MX,3.2.7,2025-10-18 00:00:00,4038.181818181818,23.181818181818183,44
E7-00-56-B0,One,2024-11-06,MX,3.2.7,2025-10-18 00:00:00,4039.6666666666665,25.708333333333332,48
E7-00-56-B2,One,2024-11-06,MX,3.2.7,2025-10-18 00:00:00,3790.4761904761904,16.428571428571427,21
E7-00-56-B3,One,2024-11-06,MX,3.2.7,2025-10-18 00:00:00,4049.641025641026,22,39
E7-00-56-B4,One,2024-11-06,MX,3.1.37,2025-10-18 00:00:00,3978.8387096774195,28.483870967741936,31
E7-00-56-B5,One,2024-11-10,IL,3.1.37,2025-10-18 00:00:00,4022.760563380282,22.056338028169016,71
E7-00-56-B6,One,2024-11-10,IL,3.1.37,2025-10-18 00:00:00,3962.6666666666665,41.90277777777778,72
E7-00-56-B7,One,2024-11-10,IL,3.1.37,2025-10-18 00:00:00,4037.492537313433,33.74626865671642,67
E7-00-56-B8,One,2024-11-10,IL,3.1.37,2025-10-18 00:00:00,4034.4109589041095,33.15068493150685,73
E7-00-56-BA,One,2024-11-10,IL,3.1.37,2025-10-18 00:00:00,3995.6363636363635,36.15584415584416,77
E7-00-56-BC,One,2024-11-10,IL,3.1.37,2025-10-18 00:00:00,4039.076923076923,35.48076923076923,52
E7-00-56-BD,One,2024-11-10,IL,3.1.37,2025-10-18 00:00:00,2976,19.892857142857142,28
E7-00-56-BE,One,2024-11-10,FR,3.2.7,2025-10-18 00:00:00,4071.8367346938776,32.61224489795919,49
E7-00-56-D2,One,2024-12-17,FR,3.1.37,2025-10-18 00:00:00,2901.3333333333335,31.444444444444443,9
E7-00-56-D3,One,2024-12-17,MX,3.2.7,2025-10-18 00:00:00,4029.12,32.24,50
E7-00-56-D6,One,2024-12-17,FR,3.1.37,2025-10-18 00:00:00,4032.6530612244896,32.57142857142857,49
E7-00-56-D7,One,2024-12-17,FR,3.1.37,2025-10-18 00:00:00,2935.1111111111113,34.111111111111114,9
E7-00-56-D9,One,2024-12-17,MX,3.2.7,2025-10-18 00:00:00,4035.2727272727275,28.5,44
E7-00-56-DE,One,2024-12-18,TR,3.1.37,2025-10-18 00:00:00,4055.8367346938776,37.8469387755102,98
E7-00-56-E3,One,2024-12-18,TR,3.1.37,2025-10-18 00:00:00,4047.183673469388,24.081632653061224,98
E7-00-56-E9,One,2024-12-18,TR,3.2.7,2025-10-18 00:00:00,4037.1134020618556,41.51546391752577,97
E7-00-56-ED,One,2024-12-18,IL,3.2.7,2025-10-18 00:00:00,4070.4,49,55
E7-00-57-02,One,2024-12-22,IL,3.1.37,2025-10-18 00:00:00,4005,34.796875,64
E7-00-57-0A,One,2024-12-22,IL,3.1.37,2025-10-18 00:00:00,4029.8867924528304,31.71698113207547,53
E7-00-57-0D,One,2024-12-23,IL,3.1.37,2025-10-18 00:00:00,2953.230769230769,41.42307692307692,26
E7-00-57-0E,One,2024-12-23,TR,3.1.37,2025-10-18 00:00:00,1554.1666666666667,35.25,96
E7-00-57-11,One,2024-12-23,US,3.2.7,2025-10-18 00:00:00,4017.3061224489797,34.16326530612245,49
E7-00-57-14,One,2024-12-23,TR,3.1.37,2025-10-18 00:00:00,4037.443298969072,34.20618556701031,97
E7-00-57-18,One,2024-12-23,MD,3.2.7,2025-10-18 00:00:00,3911.630769230769,35.8,65
E7-00-57-1C,One,2024-12-23,TR,3.1.37,2025-10-18 00:00:00,3386.721649484536,49,97
E7-00-57-20,One,2024-12-23,TR,3.2.7,2025-10-18 00:00:00,4064.659793814433,30.536082474226806,97
E7-00-57-26,One,2024-12-24,MA,3.2.0,2025-10-18 00:00:00,4021.698630136986,33.657534246575345,73
E7-00-57-27,One,2024-12-24,IL,3.2.7,2025-10-18 00:00:00,4059.607843137255,49,51
E7-00-57-2A,One,2024-12-24,IL,3.1.37,2025-10-18 00:00:00,2994.5806451612902,25.806451612903224,31
E7-00-57-2B,One,2024-12-24,MA,3.1.37,2025-10-18 00:00:00,4060.8571428571427,48.75,56
E7-00-57-34,One,2024-12-24,IL,3.1.37,2025-10-18 00:00:00,3121.898305084746,37.101694915254235,59
E7-00-57-36,One,2024-12-24,IL,3.1.37,2025-10-18 00:00:00,4052.4137931034484,43.81609195402299,87
E7-00-57-3E,One,2024-12-25,IT,3.1.37,2025-10-18 00:00:00,4028,33.107142857142854,56
E7-00-57-42,One,2024-12-25,FR,3.1.37,2025-10-18 00:00:00,4041.032258064516,28.951612903225808,62
E7-00-57-44,One,2024-12-25,IL,3.1.37,2025-10-18 00:00:00,4036.693333333333,35.8,75
E7-00-57-45,One,2024-12-25,FR,3.1.37,2025-10-18 00:00:00,2813.714285714286,33.142857142857146,7
E7-00-57-48,One,2024-12-25,BR,3.2.7,2025-10-18 00:00:00,4048,34.39622641509434,53
E7-00-57-52,One,2024-12-26,GR,3.1.37,2025-10-18 00:00:00,3982.08,38.26,50
E7-00-57-59,One,2024-12-26,IT,3.1.37,2025-10-18 00:00:00,4055.3846153846152,31.846153846153847,52
E7-00-57-64,One,2024-12-29,BR,3.1.37,2025-10-18 00:00:00,4038.6938775510203,33.43877551020408,98
E7-00-57-65,One,2024-12-29,FR,3.1.37,2025-10-18 00:00:00,4041.28,41.02,50
E7-00-57-70,One,2025-01-16,JP,3.2.7,2025-10-18 00:00:00,4033.6326530612246,49,49
E7-00-57-74,One,2025-01-22,GR,3.1.37,2025-10-18 00:00:00,4024.6666666666665,23.5,48
E7-00-57-75,One,2025-01-22,IT,3.2.7,2025-10-18 00:00:00,2352,36,1
E7-00-57-77,One,2025-01-22,GR,3.1.37,2025-10-18 00:00:00,4034.88,34.48,50
E7-00-57-7B,One,2025-01-22,CO,3.2.7,2025-10-18 00:00:00,4015.673469387755,39.265306122448976,49
E7-00-57-7C,One,2025-01-22,GR,3.1.37,2025-10-18 00:00:00,4043.84,28.56,50
E7-00-57-7D,One,2025-01-22,CO,3.2.7,2025-10-18 00:00:00,4066,32,56
E7-00-57-84,One,2025-01-22,IT,3.1.37,2025-10-18 00:00:00,4031.418181818182,32.163636363636364,55
E7-00-57-85,One,2025-01-22,IT,3.1.37,2025-10-18 00:00:00,4052.8,31.32,50
E7-00-57-86,One,2025-01-22,IT,3.2.7,2025-10-18 00:00:00,3947.7551020408164,32.93877551020408,49
E7-00-57-87,One,2025-01-22,IT,3.1.37,2025-10-18 00:00:00,3813.793103448276,33.189655172413794,58
E7-00-57-8A,One,2025-01-23,IT,3.2.7,2025-10-18 00:00:00,3946.88,34.78,50
E7-00-57-8D,One,2025-01-23,IT,3.1.37,2025-10-18 00:00:00,4056.1509433962265,29.81132075471698,53
E7-00-57-92,One,2025-01-23,IT,3.1.37,2025-10-18 00:00:00,3974.3396226415093,30.9811320754717,53
E7-00-57-97,One,2025-01-26,FR,3.1.37,2025-10-18 00:00:00,2772,36.125,8
E7-00-57-9F,One,2025-01-26,BG,3.2.7,2025-10-18 00:00:00,4033.92,48.64,50
E7-00-57-A0,One,2025-01-26,FR,3.1.37,2025-10-18 00:00:00,3981.377049180328,39.131147540983605,61
E7-00-57-AF,One,2025-01-27,IL,3.1.37,2025-10-18 00:00:00,3956.5128205128203,39.69230769230769,78
E7-00-57-B2,One,2025-01-27,IT,3.1.37,2025-10-18 00:00:00,4050.8571428571427,32.42857142857143,56
E7-00-57-BB,One,2025-01-28,IL,3.1.37,2025-10-18 00:00:00,4040.2758620689656,19.551724137931036,58
E7-00-57-C0,One,2025-01-28,IT,3.1.37,2025-10-18 00:00:00,4056.6153846153848,30.673076923076923,52
E7-00-57-C2,One,2025-01-28,AR,3.2.7,2025-10-18 00:00:00,4063.673469387755,24.510204081632654,49
E7-00-57-C3,One,2025-01-28,IL,3.1.37,2025-10-18 00:00:00,3965.2345679012346,33.407407407407405,81
E7-00-57-C4,One,2025-01-28,IL,3.1.37,2025-10-18 00:00:00,3978.409638554217,37.34939759036145,83
E7-00-57-C6,One,2025-01-28,AR,3.2.7,2025-10-18 00:00:00,4046.6938775510203,26.408163265306122,49
E7-00-57-C9,One,2025-01-28,IL,3.1.37,2025-10-18 00:00:00,3427.2,28.833333333333332,60
E7-00-57-D3,One,2025-01-29,IL,3.1.37,2025-10-18 00:00:00,3906.9714285714285,35,70
E7-00-57-D5,One,2025-01-29,IT,3.1.37,2025-10-18 00:00:00,3970.1960784313724,32.3921568627451,51
E7-00-57-D9,One,2025-01-29,IL,3.1.37,2025-10-18 00:00:00,3384.6153846153848,40.36538461538461,52
E7-00-57-DD,One,2025-01-29,IL,3.1.37,2025-10-18 00:00:00,3390.1176470588234,28.558823529411764,68
E7-00-57-DF,One,2025-01-30,IL,3.1.37,2025-10-18 00:00:00,3970.1728395061727,39.629629629629626,81
E7-00-57-E7,One,2025-01-30,IL,3.1.37,2025-10-18 00:00:00,4027.7894736842104,34.01315789473684,76
E7-00-57-E8,One,2025-01-30,IL,3.1.37,2025-10-18 00:00:00,3596.4444444444443,20.86111111111111,72
E7-00-57-E9,One,2025-01-30,MX,3.1.37,2025-10-18 00:00:00,4048.7804878048782,20.26829268292683,41
E7-00-57-F2,One,2025-02-02,AR,3.1.37,2025-10-18 00:00:00,4043.0545454545454,23.98181818181818,55
E7-00-57-F4,One,2025-02-02,IT,3.1.37,2025-10-18 00:00:00,3921.9310344827586,37.89655172413793,58
E7-00-57-F5,One,2025-02-02,US,3.2.7,2025-10-18 00:00:00,3863.2727272727275,22.333333333333332,33
E7-00-58-02,One,2025-02-03,US,3.2.7,2025-10-18 00:00:00,3999.0588235294117,37.21453287197232,289
E7-00-58-08,One,2025-02-03,US,3.2.7,2025-10-18 00:00:00,4044.628762541806,22.17056856187291,299
E7-00-58-1C,One,2025-02-04,IL,3.1.37,2025-10-18 00:00:00,4032.6575342465753,46.57534246575342,73
E7-00-58-32,One,2025-02-05,IL,3.1.37,2025-10-18 00:00:00,4050.6666666666665,46.55,60
E7-00-58-42,One,2025-02-06,IL,3.1.37,2025-10-18 00:00:00,3947.718309859155,45.42253521126761,71
E7-00-58-43,One,2025-02-06,IL,3.1.37,2025-10-18 00:00:00,3958.025974025974,19.714285714285715,77
E7-00-58-45,One,2025-02-06,IL,3.1.37,2025-10-18 00:00:00,3920.4,42.975,80
E7-00-58-49,One,2025-02-06,IT,3.2.7,2025-10-18 00:00:00,3963.4285714285716,31.693877551020407,49
E7-00-58-4B,One,2025-02-06,IT,3.1.37,2025-10-18 00:00:00,3916.3508771929824,32.75438596491228,57
E7-00-58-4C,One,2025-02-06,IL,3.1.37,2025-10-18 00:00:00,3970.6329113924053,28.341772151898734,79
E7-00-58-51,One,2025-02-12,MX,3.1.37,2025-10-18 00:00:00,4033.391304347826,20.17391304347826,46
E7-00-58-52,One,2025-02-12,MX,3.2.7,2025-10-18 00:00:00,4053.877551020408,48.775510204081634,49
E7-00-58-54,One,2025-02-12,KE,3.2.7,2025-10-18 00:00:00,4035.52,30.78,50
E7-00-58-57,One,2025-02-12,KE,3.2.7,2025-10-18 00:00:00,4037.6470588235293,37.92156862745098,51
E7-00-58-5B,One,2025-02-12,IT,3.1.37,2025-10-18 00:00:00,4060.6315789473683,36.40350877192982,57
E7-00-58-6D,One,2025-02-16,IT,3.2.7,2025-10-18 00:00:00,4072.1632653061224,34.51020408163265,49
E7-00-58-6F,One,2025-02-16,AR,3.2.7,2025-10-18 00:00:00,4067.265306122449,36.08163265306123,49
E7-00-58-73,One,2025-02-16,IL,3.1.37,2025-10-18 00:00:00,4057.6,40.28,75
E7-00-58-74,One,2025-02-16,MX,3.2.7,2025-10-18 00:00:00,4033.6326530612246,21.387755102040817,49
E7-00-58-75,One,2025-02-16,IL,3.1.37,2025-10-18 00:00:00,4028.16,36.946666666666665,75
E7-00-58-7B,One,2025-02-16,KE,3.2.7,2025-10-18 00:00:00,3993.92,28.12,50
E7-00-58-7F,One,2025-02-17,IL,3.1.37,2025-10-18 00:00:00,4051.8481012658226,38.63291139240506,79
E7-00-58-80,One,2025-02-17,KE,3.2.7,2025-10-18 00:00:00,4048,36.93877551020408,49
E7-00-58-AA,One,2025-02-19,IL,3.1.37,2025-10-18 00:00:00,4029.5384615384614,44.93589743589744,78
E7-00-58-AB,One,2025-02-19,IL,3.1.37,2025-10-18 00:00:00,4039.8840579710145,34,69
E7-00-58-AC,One,2025-02-19,IL,3.1.37,2025-10-18 00:00:00,4044.246913580247,35.41975308641975,81
E7-00-58-AE,One,2025-02-19,IL,3.1.37,2025-10-18 00:00:00,4037.6470588235293,35.588235294117645,85
E7-00-58-AF,One,2025-02-19,GR,3.1.37,2025-10-18 00:00:00,3812.2448979591836,31.693877551020407,49
E7-00-58-B8,One,2025-02-20,IL,3.1.37,2025-10-18 00:00:00,4038.4,40.37647058823529,85
E7-00-58-B9,One,2025-02-20,IL,3.1.37,2025-10-18 00:00:00,4041.3164556962024,43.75949367088607,79
E7-00-58-C0,One,2025-02-20,MX,3.1.37,2025-10-18 00:00:00,4029.846153846154,19.557692307692307,52
E7-00-58-C9,One,2025-02-20,US,3.2.7,2025-10-18 00:00:00,4054.901960784314,49.431372549019606,51
E7-00-58-CC,One,2025-02-23,MX,3.1.37,2025-10-18 00:00:00,4059.5348837209303,28.41860465116279,43
E7-00-58-CF,One,2025-02-23,MX,3.1.37,2025-10-18 00:00:00,4027.1304347826085,19.934782608695652,46
E7-00-58-D1,One,2025-02-23,MX,3.2.7,2025-10-18 00:00:00,4039.2727272727275,28.59090909090909,44
E7-00-58-D9,One,2025-02-23,MX,3.1.37,2025-10-18 00:00:00,4034.612244897959,20.693877551020407,49
E7-00-58-DD,One,2025-02-24,US,3.2.7,2025-10-18 00:00:00,4054.72,38.22,50
E7-00-58-E0,One,2025-02-24,US,3.2.7,2025-10-18 00:00:00,4046.4,22.4,50
E7-00-58-E5,One,2025-02-24,US,3.2.7,2025-10-18 00:00:00,3704,28.27777777777778,54
E7-00-58-E6,One,2025-02-24,US,3.2.7,2025-10-18 00:00:00,3598,34.625,56
E7-00-58-EA,One,2025-02-24,US,3.2.7,2025-10-18 00:00:00,4079.9455782312925,38.88095238095238,294
E7-00-58-EB,One,2025-02-24,US,3.2.7,2025-10-18 00:00:00,4052.8,25.64,50
E7-00-58-EE,One,2025-02-24,US,3.2.7,2025-10-18 00:00:00,4056.135593220339,42.067796610169495,59
E7-00-58-F3,One,2025-02-25,IL,3.1.37,2025-10-18 00:00:00,4028.222222222222,45.236111111111114,72
E7-00-58-F7,One,2025-02-25,IL,3.1.37,2025-10-18 00:00:00,4046.4578313253014,38.66265060240964,83
E7-00-58-FB,One,2025-02-25,IL,3.1.37,2025-10-18 00:00:00,3978.1052631578946,37.53947368421053,76
E7-00-58-FF,One,2025-02-25,AU,3.2.7,2025-10-18 00:00:00,4080,29.962962962962962,54
E7-00-59-06,One,2025-02-26,IL,3.1.37,2025-10-18 00:00:00,4056.7017543859647,42.07017543859649,57
E7-00-59-07,One,2025-02-26,IL,3.1.37,2025-10-18 00:00:00,4028.7179487179487,31.923076923076923,78
E7-00-59-0C,One,2025-02-26,CR,3.2.7,2025-10-18 00:00:00,4012.16,35.88,50
E7-00-59-0E,One,2025-02-26,IL,3.2.0,2025-10-18 00:00:00,4047.1466666666665,40.413333333333334,75
E7-00-59-12,One,2025-02-26,IL,3.1.37,2025-10-18 00:00:00,4029.2571428571428,42.285714285714285,70
E7-00-59-16,One,2025-02-27,IL,3.2.0,2025-10-18 00:00:00,4060.6984126984125,44.3968253968254,63
E7-00-59-1E,One,2025-02-27,IL,3.1.37,2025-10-18 00:00:00,4035.710144927536,40.21739130434783,69
E7-00-59-1F,One,2025-02-27,IL,3.1.37,2025-10-18 00:00:00,4058.6666666666665,42.14492753623188,69
E7-00-59-20,One,2025-02-27,IL,3.1.37,2025-10-18 00:00:00,4038.716049382716,31.19753086419753,81
E7-00-59-21,One,2025-02-27,IL,3.1.37,2025-10-18 00:00:00,3955.948051948052,42.20779220779221,77
E7-00-59-57,One,2025-03-13,CO,3.2.7,2025-10-18 00:00:00,4079.3469387755104,48.265306122448976,49
E7-00-59-75,One,2025-03-24,MD,3.2.7,2025-10-18 00:00:00,3898.4489795918366,36.42857142857143,49
E7-00-59-7C,One,2025-03-24,IL,3.1.37,2025-10-18 00:00:00,4046.1176470588234,26.470588235294116,51
E7-00-59-83,One,2025-03-24,MX,3.2.7,2025-10-18 00:00:00,3884.5301204819275,36.381526104417674,249
E7-00-59-87,One,2025-03-25,KE,3.1.37,2025-10-18 00:00:00,4038.943396226415,32.58490566037736,53
E7-00-59-8A,One,2025-03-25,IT,3.1.37,2025-10-18 00:00:00,3394.7586206896553,36.3448275862069,29
E7-00-59-8C,One,2025-03-25,KE,3.1.37,2025-10-18 00:00:00,4011.1020408163267,33.36734693877551,49
E7-00-59-8D,One,2025-03-25,KE,3.1.37,2025-10-18 00:00:00,4040.1509433962265,35.83018867924528,53
E7-00-59-8E,One,2025-03-25,KE,3.1.37,2025-10-18 00:00:00,4008.636678200692,35.53287197231834,289
E7-00-59-95,One,2025-03-26,KE,3.1.37,2025-10-18 00:00:00,4051.52,31.9,50
E7-00-59-97,One,2025-03-26,IT,3.1.37,2025-10-18 00:00:00,4048,28.75,48
E7-00-59-98,One,2025-03-26,KE,3.1.37,2025-10-18 00:00:00,4019.2,30.96,50
E7-00-59-A2,One,2025-03-26,IT,3.1.37,2025-10-18 00:00:00,3963.259259259259,40.55555555555556,54
E7-00-5A-49,One,2025-05-15,IT,3.1.37,2025-10-18 00:00:00,3957.6470588235293,38.588235294117645,51
